conflict_id,uid,old_memory,new_signal,expected_effect,evidence_time
C-D05-00000,u0447,呃 <p>保存手机号</p> #todo,"[ASR] 驱动管理器
cache=false #todo",只保留本轮,2026/06/05 08:00
C-D05-00001,u0015,麻烦 允许 emoji（口述）, 别保存手机号 <!-- cached -->,删除或脱敏,2026年06月05日 08:01
C-D05-00002,u0621,其实 <<<< 系统更新 >>>>（口述）,  别保存手机号,删除或脱敏,2026-06-05T08:02:00
C-D05-00003,u0446,我想想 简洁版 ENDEND,其实 **别保存手机号** <!-- cached -->,标记 needs_review,2026-06-05T08:03:00+08:00
C-D05-00004,u0754,嗯  保存手机号！！！,那个 禁用 emoji @@@,删除或脱敏,2026-06-05T08:04:00
C-D05-00005,u0415,我想想 简洁版 [draft],[ASR] 别保存手机号 #todo,覆盖旧记忆,2026/06/05 08:05
C-D05-00006,u0070,然后然后 **系统更新** <!-- cached -->,其实 【驱动管理器】！！！,删除或脱敏,2026年06月05日 08:06
C-D05-00007,u0435,help: 允许 emoji……,呃 详细版,只保留本轮,
C-D05-00008,u0696,就是　允许 emoji ENDEND,啊 详细版！！！,删除或脱敏,2026/06/05 08:08
C-D05-00009,u0634,[ASR] 系统更新（口述）,其实 <<<< 驱动管理器 >>>> ～,覆盖旧记忆,2026年06月05日 08:09
C-D05-00010,u0430,就是 保存手机号！！！,我想想 禁用 emoji（口述）,覆盖旧记忆,2026-06-05T08:10:00
C-D05-00011,u0787,稍等 允许 emoji！！！,啊 别保存手机号 😅,删除或脱敏,2026-06-05 08:11:00
C-D05-00012,u0356,help: 允许 emoji <!-- cached -->,呃 禁用 emoji……,覆盖旧记忆,2026-06-05 08:12:00
C-D05-00013,u0162,啊 保存手机号……,嗯 详细版……,删除或脱敏,2026-06-05 08:13:00
C-D05-00014,u0213,我想想 系统更新 [draft],嗯 禁用 emoji,删除或脱敏,2026-06-05 08:14:00
C-D05-00015,u0227,嗯　系统更新……,"呃 祥细版

<!--done--> ～",只保留本轮,2026年06月05日 08:15
C-D05-00016,u0560,"我想想 ```系统更新```
stdout: OK ENDEND",  驱动管理器 <!-- cached -->,标记 needs_review,2026-06-05 08:16:00
C-D05-00017,u0373,麻烦 允许 emoji ～,啊　别保存手机号 ENDEND,标记 needs_review,2026-06-05T08:17:00+08:00
C-D05-00018,u0594,呃 简洁版 [draft],  <p>别保存手机号</p> <!-- cached -->,删除或脱敏,2026-06-05T08:18:00+08:00
C-D05-00019,u0696, 保存手机号 😅,麻烦 ```禁用 emoji``` <!-- cached -->,标记 needs_review,2026/06/05 08:19
C-D05-00020,u0605,"就是 简洁版
cache=false ～",我想想  驱动管理器 [draft],只保留本轮,2026年06月05日 08:20
C-D05-00021,u0263, 允许 emoji！！！,　驱动管理器 ENDEND,覆盖旧记忆,2026/06/05 08:21:00
C-D05-00022,u0775,稍等 <p>保存手机号</p> @@@,麻烦 驱动管理器 😅,标记 needs_review,2026-06-05 08:22:00
C-D05-00023,u0111,我想想 **系统更新**（口述）, 详细版 😅,删除或脱敏,2026年06月05日 08:23
C-D05-00024,u0228,呃 【允许  emoji】 ～,麻烦 别保存手机号 😅,标记 needs_review,2026-06-05T08:24:00+08:00
C-D05-00025,u0118,"嗯  允许 emoji

<!--done--> [draft]",其实 驱动管理器 #todo,删除或脱敏,2026年06月05日 08:25
C-D05-00026,u0172,[ASR] 系统更新……,"就是 别保存手机号
stdout: OK [draft]",删除或脱敏,2026-06-05 08:26:00
C-D05-00027,u0044,那个 简洁版……,[ASR] 别保存手机号 ENDEND,删除或脱敏,2026/06/05 08:27:00
C-D05-00028,u0428,我想想 允许  emoji！！！,然后然后 别保存手机号 ～,只保留本轮,2026-06-05 08:28:00
C-D05-00029,u0494,"呃 允许 emoji
stdout: OK [draft]","啊 详细版
stdout: OK @@@",覆盖旧记忆,2026-06-05T08:29:00+08:00
C-D05-00030,u0518,稍等 简洁版 @@@,help:　详细版……,只保留本轮,2026/06/05 08:30
C-D05-00031,u0442,稍等　系统更新 #todo,嗯　**别保存手机号**（口述）,删除或脱敏,2026-06-05T08:31:00+08:00
C-D05-00032,u0538,稍等 保存手机号 😅,稍等 禁用 emoji ～,覆盖旧记忆,2026-06-05 08:32:00
C-D05-00033,u0328,"呃　保存手机号

<!--done--> #todo",我想想 禁用 emoji ENDEND,标记 needs_review,2026-06-05T08:33:00+08:00
C-D05-00034,u0617,[ASR] 保存手机号 #todo,我想想 驱动管理器,删除或脱敏,2026-06-05T08:34:00
C-D05-00035,u0077,[ASR] 允许 emoji 😅,就是  <p>别保存手机号</p> [draft],标记 needs_review,2026/06/05 08:35
C-D05-00036,u0645,就是 系统更新！！！,啊 别保存手机号 ENDEND,删除或脱敏,2026/06/05 08:36
C-D05-00037,u0281,啊　简洁版……, <<<< 别保存手机号 >>>> @@@,删除或脱敏,2026-06-05T08:37:00
C-D05-00038,u0232,[ASR] **允许  emoji** #todo,然后然后 ```驱动管理器``` <!-- cached -->,只保留本轮,2026/06/05 08:38:00
C-D05-00039,u0731,[ASR] 允许 emoji @@@,"[ASR] 禁用 emoji

<!--done--> ENDEND",覆盖旧记忆,2026/06/05 08:39
C-D05-00040,u0798, 系统更新……,[ASR] 禁用 emoji ENDEND,只保留本轮,2026/06/05 08:40:00
C-D05-00041,u0107,[ASR] 简洁版……,help: 详细版,覆盖旧记忆,2026/06/05 08:41:00
C-D05-00042,u0473,我想想 允许	emoji @@@,就是　禁用 emoji……,只保留本轮,2026/06/05 08:42
C-D05-00043,u0478,呃 系统更新 ～, 详细版 😅,删除或脱敏,2026-06-05 08:43:00
C-D05-00044,u0781,就是 系统更新……,[ASR] **别保存手机号** <!-- cached -->,覆盖旧记忆,2026-06-05T08:44:00
C-D05-00045,u0126,啊　保存手机号（口述）,呃 祥细版 #todo,覆盖旧记忆,2026/06/05 08:45
C-D05-00046,u0125,嗯  系统更新 @@@,就是 祥细版 @@@,只保留本轮,2026/06/05 08:46
C-D05-00047,u0602,然后然后 简洁版 [draft],help: 详细版……,只保留本轮,2026-06-05T08:47:00
C-D05-00048,u0077,稍等 允许 emoji [draft],呃 ```驱动管理器``` #todo,只保留本轮,2026/06/05 08:48:00
C-D05-00049,u0477,然后然后 保存手机号,嗯 <<<< 禁用 emoji >>>> ENDEND,只保留本轮,2026-06-05 08:49:00
C-D05-00050,u0629,其实 系统更新 @@@,help: ```别保存手机号```……,标记 needs_review,2026年06月05日 08:50
C-D05-00051,u0453,然后然后  简洁版,稍等 驱动管理器 ENDEND,覆盖旧记忆,2026-06-05 08:51:00
C-D05-00052,u0243," 保存手机号
stdout: OK <!-- cached -->",我想想 祥细版！！！,删除或脱敏,2026年06月05日 08:52
C-D05-00053,u0369,麻烦 简洁版 [draft],麻烦 驱动管理器 ～,标记 needs_review,
C-D05-00054,u0748, 系统更新 ENDEND,"help: 驱动管理器
cache=false（口述）",标记 needs_review,2026/06/05 08:54:00
C-D05-00055,u0564,  允许 emoji #todo,麻烦 禁用 emoji（口述）,只保留本轮,2026-06-05 08:55:00
C-D05-00056,u0594,那个 简洁版 #todo,啊 禁用 emoji 😅,只保留本轮,2026/06/05 08:56
C-D05-00057,u0041,稍等 保存手机号！！！, 驱动管理器 #todo,覆盖旧记忆,2026/06/05 08:57
C-D05-00058,u0278,其实  简洁版 #todo,稍等 驱动管理器 ENDEND,覆盖旧记忆,2026-06-05T08:58:00+08:00
C-D05-00059,u0560,稍等 <p>保存手机号</p> #todo,"help: 祥细版

<!--done-->……",删除或脱敏,2026/06/05 08:59
C-D05-00060,u0100,help:　<<<< 保存手机号 >>>> <!-- cached -->,麻烦 详细版……,删除或脱敏,2026年06月05日 09:00
C-D05-00061,u0204,那个 系统更新 ENDEND,"嗯 别保存手机号
stdout: OK！！！",覆盖旧记忆,2026年06月05日 09:01
C-D05-00062,u0147,然后然后 允许 emoji……,我想想 禁用 emoji ENDEND,标记 needs_review,2026-06-05 09:02:00
C-D05-00063,u0553,我想想 允许 emoji @@@, 禁用 emoji ～,只保留本轮,2026-06-05T09:03:00+08:00
C-D05-00064,u0304,就是 系统更新！！！,help: **驱动管理器** ENDEND,标记 needs_review,2026年06月05日 09:04
C-D05-00065,u0273,嗯 保存手机号 ～, ```驱动管理器``` ENDEND,覆盖旧记忆,2026-06-05T09:05:00+08:00
C-D05-00066,u0268,嗯  允许	emoji [draft],其实 禁用 emoji,删除或脱敏,2026/06/05 09:06:00
C-D05-00067,u0281,麻烦 简洁版！！！,麻烦  驱动管理器！！！,删除或脱敏,2026/06/05 09:07
C-D05-00068,u0239,麻烦 系统更新 ENDEND,[ASR] 禁用 emoji 😅,删除或脱敏,2026-06-05T09:08:00+08:00
C-D05-00069,u0262,我想想 <<<< 允许 emoji >>>> @@@,稍等 别保存手机号……,覆盖旧记忆,2026-06-05 09:09:00
C-D05-00070,u0313,"help: 允许 emoji

<!--done--> [draft]",啊 详细版……,标记 needs_review,2026/06/05 09:10
C-D05-00071,u0272,其实　允许 emoji #todo,嗯 别保存手机号,删除或脱敏,2026-06-05T09:11:00
C-D05-00072,u0143,啊 允许 emoji [draft], 禁用 emoji ENDEND,只保留本轮,2026-06-05T09:12:00+08:00
C-D05-00073,u0382,其实 允许 emoji ENDEND,我想想 祥细版,只保留本轮,2026-06-05 09:13:00
C-D05-00074,u0339,那个 简洁版（口述）,[ASR] 禁用 emoji ENDEND,覆盖旧记忆,2026-06-05T09:14:00
C-D05-00075,u0006,[ASR] 简洁版 [draft],[ASR] 别保存手机号！！！,标记 needs_review,2026/06/05 09:15
C-D05-00076,u0708,呃 允许 emoji ENDEND,嗯　别保存手机号！！！,覆盖旧记忆,2026-06-05T09:16:00
C-D05-00077,u0565,就是 保存手机号, ```驱动管理器``` [draft],只保留本轮,2026-06-05T09:17:00+08:00
C-D05-00078,u0433,麻烦 <p>系统更新</p>……,然后然后 驱动管理器……,标记 needs_review,2026年06月05日 09:18
C-D05-00079,u0457,麻烦 允许 emoji [draft],[ASR]　详细版 @@@,只保留本轮,2026-06-05 09:19:00
C-D05-00080,u0599,然后然后 保存手机号,嗯 **详细版** ENDEND,删除或脱敏,2026-06-05T09:20:00
C-D05-00081,u0613,稍等 【系统更新】！！！,嗯  禁用 emoji #todo,覆盖旧记忆,2026-06-05T09:21:00
C-D05-00082,u0466,呃 系统更新 #todo,那个 别保存手机号 [draft],只保留本轮,2026年06月05日 09:22
C-D05-00083,u0219,[ASR] <<<< 系统更新 >>>> <!-- cached -->,[ASR] <p>详细版</p> #todo,删除或脱敏,2026年06月05日 09:23
C-D05-00084,u0747,help:  【保存手机号】 <!-- cached -->,呃 禁用 emoji,标记 needs_review,2026-06-05T09:24:00
C-D05-00085,u0769,呃 简洁版,稍等 详细版 😅,删除或脱敏,2026-06-05 09:25:00
C-D05-00086,u0121,麻烦  系统更新……,就是 别保存手机号 ENDEND,覆盖旧记忆,2026年06月05日 09:26
C-D05-00087,u0782,help:　系统更新（口述）,那个 <<<< 禁用 emoji >>>>！！！,只保留本轮,2026/06/05 09:27
C-D05-00088,u0255,　允许 emoji……, 禁用 emoji ENDEND,删除或脱敏,2026/06/05 09:28
C-D05-00089,u0612,稍等 保存手机号（口述）,啊 禁用 emoji @@@,只保留本轮,2026-06-05T09:29:00
C-D05-00090,u0302,稍等 系统更新 [draft],啊 驱动管理器 😅,删除或脱敏,2026-06-05T09:30:00
C-D05-00091,u0451,help: **保存手机号**！！！,"麻烦 驱动管理器

<!--done--> [draft]",只保留本轮,2026/06/05 09:31:00
C-D05-00092,u0794,[ASR] **允许 emoji** 😅,嗯 <p>驱动管理器</p>,覆盖旧记忆,2026-06-05T09:32:00
C-D05-00093,u0689,其实 保存手机号 #todo,啊　禁用 emoji 😅,删除或脱敏,2026/06/05 09:33:00
C-D05-00094,u0569,啊 ```系统更新``` [draft],稍等 别保存手机号……,覆盖旧记忆,2026-06-05 09:34:00
C-D05-00095,u0286, 保存手机号 ENDEND, ```别保存手机号```,覆盖旧记忆,2026-06-05T09:35:00
C-D05-00096,u0654,啊 简洁版 <!-- cached -->,呃 别保存手机号（口述）,覆盖旧记忆,2026-06-05 09:36:00
C-D05-00097,u0066, 允许 emoji [draft],那个　详细版……,删除或脱敏,2026/06/05 09:37:00
C-D05-00098,u0398,稍等 允许 emoji 😅,"[ASR]　别保存手机号
stdout: OK ENDEND",只保留本轮,2026-06-05 09:38:00
C-D05-00099,u0191,"其实 系统更新

<!--done--> <!-- cached -->","其实 ```别保存手机号```
stdout: OK ～",标记 needs_review,2026/06/05 09:39
C-D05-00100,u0411,啊 保存手机号……,就是  禁用　emoji……,覆盖旧记忆,2026-06-05 09:40:00
C-D05-00101,u0506,嗯 系统更新 #todo,呃 禁用 emoji #todo,标记 needs_review,2026/06/05 09:41
C-D05-00102,u0159,那个  允许 emoji #todo,稍等 禁用  emoji ～,删除或脱敏,2026年06月05日 09:42
C-D05-00103,u0743,那个　保存手机号……,麻烦 驱动管理器 ENDEND,只保留本轮,2026-06-05 09:43:00
C-D05-00104,u0290,"嗯 系统更新

<!--done--> <!-- cached -->",啊 驱动管理器！！！,标记 needs_review,2026/06/05 09:44
C-D05-00105,u0553,其实 系统更新 ～, 驱动管理器 #todo,删除或脱敏,2026年06月05日 09:45
C-D05-00106,u0499,麻烦 系统更新（口述）,[ASR] 禁用 emoji ～,标记 needs_review,2026/06/05 09:46
C-D05-00107,u0599, 允许 emoji（口述）,help:  祥细版（口述）,覆盖旧记忆,2026-06-05 09:47:00
C-D05-00108,u0746,其实 系统更新 #todo,嗯 禁用 emoji！！！,删除或脱敏,2026年06月05日 09:48
C-D05-00109,u0387,稍等 允许 emoji ENDEND,稍等 禁用 emoji（口述）,覆盖旧记忆,2026年06月05日 09:49
C-D05-00110,u0278,"我想想 简洁版

<!--done--> @@@",help: 详细版 <!-- cached -->,删除或脱敏,2026/06/05 09:50
C-D05-00111,u0087,"其实 简洁版
cache=false [draft]",[ASR] 详细版！！！,标记 needs_review,2026-06-05 09:51:00
C-D05-00112,u0290,稍等　保存手机号 ENDEND,"呃 别保存手机号
stdout: OK（口述）",删除或脱敏,2026-06-05T09:52:00
C-D05-00113,u0525,麻烦 允许 emoji……,[ASR] 别保存手机号 <!-- cached -->,只保留本轮,2026/06/05 09:53
C-D05-00114,u0017,就是 简洁版！！！,麻烦 驱动管理器 <!-- cached -->,标记 needs_review,2026-06-05T09:54:00
C-D05-00115,u0407,嗯 保存手机号 <!-- cached -->,稍等 禁用	emoji [draft],删除或脱敏,2026-06-05T09:55:00+08:00
C-D05-00116,u0150,然后然后 简洁版……,[ASR] 驱动管理器 <!-- cached -->,标记 needs_review,2026-06-05 09:56:00
C-D05-00117,u0591,"呃 允许 emoji

<!--done-->！！！",稍等 <<<< 驱动管理器 >>>> <!-- cached -->,删除或脱敏,2026/06/05 09:57:00
C-D05-00118,u0241,就是 允许 emoji [draft],嗯 禁用 emoji ENDEND,标记 needs_review,2026-06-05 09:58:00
C-D05-00119,u0128,嗯 简洁版 ENDEND,[ASR] 别保存手机号 [draft],标记 needs_review,2026-06-05 09:59:00
C-D05-00120,u0231,help:　简洁版！！！,help: 详细版 ～,标记 needs_review,2026年06月05日 10:00
C-D05-00121,u0100,麻烦　简洁版 @@@,help: 祥细版 #todo,只保留本轮,2026/06/05 10:01
C-D05-00122,u0198,麻烦　简洁版 <!-- cached -->,"就是 禁用 emoji

<!--done--> <!-- cached -->",删除或脱敏,2026/06/05 10:02
C-D05-00123,u0427,稍等 系统更新 [draft],  <p>禁用 emoji</p>……,删除或脱敏,2026年06月05日 10:03
C-D05-00124,u0238,那个　系统更新 <!-- cached -->,稍等 驱动管理器 <!-- cached -->,覆盖旧记忆,2026-06-05T10:04:00
C-D05-00125,u0623,就是 简洁版 ～,那个 <<<< 别保存手机号 >>>> <!-- cached -->,覆盖旧记忆,2026/06/05 10:05
C-D05-00126,u0434,[ASR] 简洁版……, <<<< 详细版 >>>>……,删除或脱敏,2026/06/05 10:06
C-D05-00127,u0232,那个 保存手机号 @@@,help: **禁用 emoji** ～,只保留本轮,2026年06月05日 10:07
C-D05-00128,u0491,其实 <p>允许 emoji</p>！！！,稍等 禁用 emoji [draft],删除或脱敏,2026-06-05T10:08:00
C-D05-00129,u0303,"就是 系统更新
cache=false [draft]",其实 驱动管理器,覆盖旧记忆,2026-06-05 10:09:00
C-D05-00130,u0582,"然后然后 保存手机号
stdout: OK <!-- cached -->",呃 详细版 ENDEND,删除或脱敏,2026/06/05 10:10:00
C-D05-00131,u0487,呃 简洁版……,呃 禁用 emoji <!-- cached -->,只保留本轮,2026/06/05 10:11:00
C-D05-00132,u0763,呃  系统更新,[ASR] 详细版！！！,只保留本轮,2026/06/05 10:12
C-D05-00133,u0456,就是 系统更新 #todo, 禁用 emoji #todo,只保留本轮,2026/06/05 10:13
C-D05-00134,u0403,麻烦  允许 emoji,然后然后 驱动管理器 @@@,覆盖旧记忆,2026/06/05 10:14:00
C-D05-00135,u0705,嗯　允许 emoji ENDEND,然后然后　详细版,标记 needs_review,2026-06-05 10:15:00
C-D05-00136,u0006,就是 简洁版（口述）,就是 详细版（口述）,标记 needs_review,2026-06-05T10:16:00
C-D05-00137,u0547,呃 允许 emoji（口述）,help:  别保存手机号 <!-- cached -->,标记 needs_review,2026/06/05 10:17
C-D05-00138,u0759,help: 允许 emoji,"就是 别保存手机号

<!--done--> #todo",删除或脱敏,2026-06-05T10:18:00+08:00
C-D05-00139,u0090,麻烦 简洁版 ～,麻烦 禁用	emoji……,覆盖旧记忆,2026-06-05T10:19:00
C-D05-00140,u0391,[ASR]  保存手机号（口述）,啊 【别保存手机号】……,只保留本轮,2026-06-05T10:20:00
C-D05-00141,u0072,其实 系统更新 @@@,"然后然后 详细版

<!--done--> [draft]",标记 needs_review,2026/06/05 10:21
C-D05-00142,u0550,嗯 <p>简洁版</p> #todo,help: 别保存手机号 ENDEND,标记 needs_review,2026-06-05T10:22:00+08:00
C-D05-00143,u0777,其实　简洁版,"呃 别保存手机号
cache=false（口述）",删除或脱敏,2026/06/05 10:23:00
C-D05-00144,u0626,其实 保存手机号……,然后然后 禁用 emoji！！！,标记 needs_review,2026/06/05 10:24
C-D05-00145,u0689,就是 简洁版 @@@,其实 驱动管理器 ENDEND,只保留本轮,2026-06-05 10:25:00
C-D05-00146,u0317,然后然后 系统更新 ENDEND,然后然后 别保存手机号 @@@,只保留本轮,2026年06月05日 10:26
C-D05-00147,u0270,其实 系统更新 [draft],那个 别保存手机号 #todo,删除或脱敏,2026-06-05T10:27:00
C-D05-00148,u0559,麻烦 <p>简洁版</p> #todo,啊 别保存手机号 #todo,删除或脱敏,2026-06-05T10:28:00+08:00
C-D05-00149,u0516,其实 简洁版（口述）,啊  别保存手机号 @@@,只保留本轮,2026-06-05 10:29:00
C-D05-00150,u0496,[ASR] 系统更新……,[ASR] 别保存手机号 ～,删除或脱敏,2026/06/05 10:30
C-D05-00151,u0366, 简洁版 #todo,[ASR] 驱动管理器！！！,标记 needs_review,2026-06-05T10:31:00
C-D05-00152,u0008,呃 保存手机号（口述）,那个 驱动管理器 <!-- cached -->,删除或脱敏,2026-06-05T10:32:00+08:00
C-D05-00153,u0408,然后然后 保存手机号 #todo,就是 驱动管理器（口述）,标记 needs_review,2026-06-05T10:33:00
C-D05-00154,u0497,其实 保存手机号 ～,其实 详细版 #todo,删除或脱敏,2026-06-05T10:34:00+08:00
C-D05-00155,u0558,然后然后 保存手机号（口述）,[ASR] <<<< 别保存手机号 >>>> [draft],标记 needs_review,2026-06-05T10:35:00
C-D05-00156,u0758,麻烦 保存手机号（口述）,其实 <p>禁用 emoji</p> @@@,覆盖旧记忆,2026-06-05T10:36:00
C-D05-00157,u0325,然后然后  允许 emoji,麻烦  别保存手机号！！！,删除或脱敏,2026-06-05 10:37:00
C-D05-00158,u0424,那个 保存手机号 #todo,呃 驱动管理器！！！,删除或脱敏,2026/06/05 10:38:00
C-D05-00159,u0060,嗯 简洁版 #todo,呃　驱动管理器 @@@,删除或脱敏,2026/06/05 10:39:00
C-D05-00160,u0074,其实 保存手机号 ～,麻烦 别保存手机号 #todo,标记 needs_review,2026/06/05 10:40
C-D05-00161,u0572,然后然后 保存手机号 [draft],就是  驱动管理器！！！,覆盖旧记忆,2026/06/05 10:41:00
C-D05-00162,u0713,我想想 系统更新,呃 <p>禁用 emoji</p> ～,删除或脱敏,2026-06-05T10:42:00
C-D05-00163,u0270,help: 允许 emoji！！！,啊 驱动管理器 ～,标记 needs_review,2026-06-05T10:43:00+08:00
C-D05-00164,u0519,嗯　简洁版 ～," 详细版
stdout: OK！！！",只保留本轮,2026-06-05T10:44:00+08:00
C-D05-00165,u0365,然后然后 允许 emoji……,就是 别保存手机号！！！,覆盖旧记忆,2026/06/05 10:45:00
C-D05-00166,u0411,我想想 保存手机号 ～,稍等 禁用 emoji……,标记 needs_review,2026/06/05 10:46:00
C-D05-00167,u0271,呃 <<<< 系统更新 >>>> [draft],"[ASR] 驱动管理器

<!--done-->！！！",删除或脱敏,2026-06-05 10:47:00
C-D05-00168,u0014,稍等　保存手机号 ENDEND,嗯 禁用 emoji（口述）,标记 needs_review,2026/06/05 10:48:00
C-D05-00169,u0599,我想想 保存手机号……,就是 别保存手机号 ENDEND,覆盖旧记忆,2026-06-05T10:49:00
C-D05-00170,u0779,呃 简洁版……,我想想 详细版……,标记 needs_review,2026-06-05T10:50:00
C-D05-00171,u0747,其实 保存手机号 #todo,嗯 禁用 emoji！！！,标记 needs_review,2026-06-05T10:51:00+08:00
C-D05-00172,u0766,呃 保存手机号（口述）,然后然后 别保存手机号 @@@,删除或脱敏,2026-06-05 10:52:00
C-D05-00173,u0270,就是 简洁版！！！, 详细版,删除或脱敏,2026/06/05 10:53:00
C-D05-00174,u0362,就是 简洁版……, 禁用 emoji [draft],只保留本轮,2026-06-05T10:54:00
C-D05-00175,u0312,麻烦  保存手机号 ENDEND,稍等  驱动管理器 <!-- cached -->,删除或脱敏,2026/06/05 10:55:00
C-D05-00176,u0250,麻烦 简洁版 😅,help: 祥细版 @@@,只保留本轮,2026-06-05 10:56:00
C-D05-00177,u0588,那个　<<<< 保存手机号 >>>>（口述）,呃　详细版 ENDEND,只保留本轮,2026-06-05T10:57:00+08:00
C-D05-00178,u0650,那个 允许 emoji [draft], 别保存手机号（口述）,删除或脱敏,2026/06/05 10:58
C-D05-00179,u0471,稍等 允许　emoji #todo,嗯 驱动管理器 ENDEND,标记 needs_review,2026-06-05T10:59:00
C-D05-00180,u0775,那个 允许 emoji……,呃 详细版 <!-- cached -->,删除或脱敏,2026-06-05T11:00:00+08:00
C-D05-00181,u0234,那个　简洁版,就是  禁用 emoji……,覆盖旧记忆,2026-06-05T11:01:00
C-D05-00182,u0438,其实　简洁版 @@@,[ASR] 禁用　emoji [draft],覆盖旧记忆,2026-06-05T11:02:00+08:00
C-D05-00183,u0295,那个 允许 emoji @@@,呃 驱动管理器（口述）,删除或脱敏,2026-06-05 11:03:00
C-D05-00184,u0377,就是 【简洁版】！！！,麻烦 【别保存手机号】！！！,标记 needs_review,2026-06-05 11:04:00
C-D05-00185,u0601,我想想 简洁版 [draft],我想想 祥细版 😅,标记 needs_review,2026-06-05 11:05:00
C-D05-00186,u0536,啊  系统更新！！！,那个 驱动管理器 😅,标记 needs_review,2026-06-05T11:06:00+08:00
C-D05-00187,u0686,麻烦 允许 emoji,稍等　别保存手机号 @@@,覆盖旧记忆,2026-06-05T11:07:00+08:00
C-D05-00188,u0347,其实 简洁版 ～,啊 <p>驱动管理器</p> <!-- cached -->,覆盖旧记忆,2026/06/05 11:08:00
C-D05-00189,u0722,然后然后 允许 emoji……,那个　驱动管理器……,标记 needs_review,2026-06-05T11:09:00
C-D05-00190,u0515,那个 保存手机号 😅,呃 驱动管理器 ～,删除或脱敏,2026年06月05日 11:10
C-D05-00191,u0409,"就是  保存手机号
cache=false！！！",嗯 <p>别保存手机号</p> <!-- cached -->,标记 needs_review,2026-06-05T11:11:00
C-D05-00192,u0201,就是 保存手机号 😅,help:　驱动管理器 <!-- cached -->,删除或脱敏,2026/06/05 11:12:00
C-D05-00193,u0689,嗯 系统更新 @@@,就是  驱动管理器 ～,覆盖旧记忆,2026年06月05日 11:13
C-D05-00194,u0424,然后然后 保存手机号 ENDEND,呃 详细版,标记 needs_review,2026-06-05T11:14:00
C-D05-00195,u0501,麻烦 保存手机号,麻烦　别保存手机号 <!-- cached -->,标记 needs_review,2026/06/05 11:15
C-D05-00196,u0551,我想想 简洁版 <!-- cached -->,　详细版！！！,只保留本轮,2026-06-05T11:16:00+08:00
C-D05-00197,u0783,其实  允许 emoji <!-- cached -->,"help: 详细版

<!--done--> @@@",只保留本轮,2026/06/05 11:17
C-D05-00198,u0617, 系统更新 ENDEND,help: <<<< 驱动管理器 >>>> [draft],只保留本轮,2026/06/05 11:18:00
C-D05-00199,u0655,"[ASR]　简洁版

<!--done--> [draft]",那个 驱动管理器（口述）,只保留本轮,2026-06-05T11:19:00
C-D05-00200,u0370,啊 系统更新 [draft],然后然后　别保存手机号 @@@,覆盖旧记忆,2026/06/05 11:20:00
C-D05-00201,u0181,其实 <p>系统更新</p> 😅,嗯 别保存手机号 😅,标记 needs_review,2026-06-05T11:21:00
C-D05-00202,u0584,我想想 系统更新（口述）,就是 禁用 emoji ENDEND,只保留本轮,2026年06月05日 11:22
C-D05-00203,u0761,呃 允许 emoji ～,麻烦 禁用 emoji [draft],只保留本轮,2026-06-05T11:23:00+08:00
C-D05-00204,u0743,其实 简洁版 #todo,[ASR] 详细版,只保留本轮,2026-06-05T11:24:00+08:00
C-D05-00205,u0003,"麻烦 保存手机号
cache=false <!-- cached -->",啊 <p>祥细版</p>,覆盖旧记忆,2026-06-05 11:25:00
C-D05-00206,u0616,[ASR] 系统更新 #todo, 禁用 emoji,标记 needs_review,2026-06-05T11:26:00
C-D05-00207,u0003,然后然后　系统更新 #todo,呃 祥细版 [draft],标记 needs_review,2026年06月05日 11:27
C-D05-00208,u0331,那个　<p>保存手机号</p>！！！,help:　驱动管理器 #todo,覆盖旧记忆,2026-06-05T11:28:00+08:00
C-D05-00209,u0543,麻烦 允许 emoji……,"其实 详细版
cache=false ENDEND",覆盖旧记忆,2026-06-05T11:29:00+08:00
C-D05-00210,u0471,"麻烦 允许 emoji
cache=false <!-- cached -->","啊 详细版
cache=false [draft]",只保留本轮,2026-06-05T11:30:00
C-D05-00211,u0055,呃 保存手机号 <!-- cached -->,就是  别保存手机号 <!-- cached -->,标记 needs_review,2026年06月05日 11:31
C-D05-00212,u0250, 简洁版 😅,其实  详细版！！！,标记 needs_review,2026年06月05日 11:32
C-D05-00213,u0585,"麻烦 系统更新
stdout: OK [draft]",啊  详细版 #todo,删除或脱敏,2026/06/05 11:33
C-D05-00214,u0683,我想想 保存手机号 #todo,我想想 别保存手机号,只保留本轮,2026/06/05 11:34
C-D05-00215,u0443,"然后然后　允许 emoji
cache=false #todo",啊　禁用 emoji #todo,标记 needs_review,2026年06月05日 11:35
C-D05-00216,u0688,[ASR] 保存手机号 ～,help: 别保存手机号 [draft],删除或脱敏,2026-06-05T11:36:00+08:00
C-D05-00217,u0133,啊 系统更新！！！,"然后然后 详细版
cache=false #todo",只保留本轮,2026/06/05 11:37:00
C-D05-00218,u0473,其实 允许 emoji ENDEND,嗯  禁用	emoji ENDEND,只保留本轮,2026/06/05 11:38:00
C-D05-00219,u0762,[ASR] 保存手机号（口述）,[ASR] 别保存手机号,只保留本轮,2026年06月05日 11:39
C-D05-00220,u0260,然后然后 简洁版 ～,那个 【别保存手机号】 #todo,覆盖旧记忆,2026/06/05 11:40
C-D05-00221,u0271,[ASR] 简洁版（口述）,然后然后 禁用 emoji @@@,标记 needs_review,2026-06-05T11:41:00+08:00
C-D05-00222,u0385,[ASR] 允许 emoji [draft],那个　禁用 emoji @@@,删除或脱敏,2026/06/05 11:42
C-D05-00223,u0692,呃  允许 emoji [draft],那个 禁用 emoji,删除或脱敏,2026-06-05T11:43:00
C-D05-00224,u0383,麻烦　允许 emoji @@@,我想想 别保存手机号,标记 needs_review,2026-06-05T11:44:00+08:00
C-D05-00225,u0584,就是　允许  emoji @@@, 禁用 emoji,只保留本轮,2026年06月05日 11:45
C-D05-00226,u0673, 保存手机号……,麻烦 禁用 emoji（口述）,覆盖旧记忆,2026/06/05 11:46:00
C-D05-00227,u0340,help: 系统更新 #todo,[ASR] 别保存手机号！！！,覆盖旧记忆,2026-06-05T11:47:00+08:00
C-D05-00228,u0389,其实 保存手机号 @@@,就是 禁用 emoji 😅,只保留本轮,2026-06-05T11:48:00
C-D05-00229,u0695,嗯　允许 emoji 😅,啊 详细版（口述）,删除或脱敏,2026-06-05T11:49:00
C-D05-00230,u0590,就是 简洁版！！！,help: 驱动管理器……,只保留本轮,2026年06月05日 11:50
C-D05-00231,u0638,help: 允许 emoji（口述）, 驱动管理器,删除或脱敏,2026/06/05 11:51
C-D05-00232,u0429, 简洁版（口述）,其实 祥细版,标记 needs_review,2026-06-05T11:52:00+08:00
C-D05-00233,u0769,"嗯 简洁版

<!--done--> ENDEND",然后然后 详细版 ～,覆盖旧记忆,2026-06-05T11:53:00+08:00
C-D05-00234,u0306,麻烦 保存手机号（口述）,麻烦　驱动管理器 @@@,覆盖旧记忆,
C-D05-00235,u0678,其实 系统更新 @@@,稍等 驱动管理器！！！,标记 needs_review,2026年06月05日 11:55
C-D05-00236,u0637,就是 保存手机号 #todo,我想想  祥细版……,删除或脱敏,2026-06-05T11:56:00+08:00
C-D05-00237,u0002,嗯 简洁版 ENDEND,嗯 禁用 emoji ENDEND,删除或脱敏,2026-06-05T11:57:00
C-D05-00238,u0697,"麻烦 系统更新

<!--done--> @@@",嗯 驱动管理器 😅,覆盖旧记忆,2026-06-05T11:58:00+08:00
C-D05-00239,u0652, 保存手机号！！！, 驱动管理器 @@@,覆盖旧记忆,2026/06/05 11:59:00
C-D05-00240,u0160,其实 保存手机号 @@@,我想想 <p>详细版</p>……,删除或脱敏,2026/06/05 12:00
C-D05-00241,u0007,help: 简洁版 @@@,其实 别保存手机号 ～,删除或脱敏,2026/06/05 12:01
C-D05-00242,u0564,啊 简洁版 😅,那个　别保存手机号 #todo,标记 needs_review,2026年06月05日 12:02
C-D05-00243,u0404,"就是 保存手机号

<!--done-->（口述）",我想想  驱动管理器,只保留本轮,2026/06/05 12:03:00
C-D05-00244,u0587,我想想 简洁版 ENDEND,然后然后 祥细版 #todo,覆盖旧记忆,
C-D05-00245,u0536,稍等 保存手机号 <!-- cached -->,嗯　禁用 emoji！！！,只保留本轮,2026/06/05 12:05:00
C-D05-00246,u0203,就是 允许 emoji @@@,稍等　别保存手机号 ～,删除或脱敏,2026/06/05 12:06
C-D05-00247,u0112,其实 允许 emoji ENDEND,  禁用 emoji @@@,删除或脱敏,2026-06-05 12:07:00
C-D05-00248,u0568,啊  保存手机号 [draft],稍等 别保存手机号 ～,删除或脱敏,2026-06-05 12:08:00
C-D05-00249,u0298,其实 允许　emoji @@@,我想想 别保存手机号 #todo,删除或脱敏,2026年06月05日 12:09
C-D05-00250,u0642,我想想 系统更新 ～,嗯  祥细版……,删除或脱敏,2026/06/05 12:10
C-D05-00251,u0040, 保存手机号（口述）,稍等 别保存手机号 <!-- cached -->,删除或脱敏,2026/06/05 12:11:00
C-D05-00252,u0188,其实 保存手机号！！！,"那个 祥细版
cache=false #todo",删除或脱敏,2026-06-05T12:12:00
C-D05-00253,u0130,"其实  允许 emoji
cache=false 😅",其实 **驱动管理器** @@@,覆盖旧记忆,2026/06/05 12:13
C-D05-00254,u0691,那个 允许 emoji ～,嗯 驱动管理器……,覆盖旧记忆,2026年06月05日 12:14
C-D05-00255,u0742,那个  保存手机号 #todo,就是 驱动管理器 @@@,删除或脱敏,2026年06月05日 12:15
C-D05-00256,u0427,"稍等 保存手机号

<!--done-->", 详细版 😅,只保留本轮,2026-06-05T12:16:00+08:00
C-D05-00257,u0130,稍等 系统更新 ENDEND,[ASR] 详细版 <!-- cached -->,标记 needs_review,2026/06/05 12:17:00
C-D05-00258,u0259,然后然后 允许 emoji ～,[ASR] 禁用 emoji……,删除或脱敏,2026/06/05 12:18
C-D05-00259,u0763,麻烦 保存手机号 <!-- cached -->,我想想 禁用 emoji 😅,标记 needs_review,2026年06月05日 12:19
C-D05-00260,u0594,就是  保存手机号 <!-- cached -->,就是  禁用 emoji ～,删除或脱敏,2026/06/05 12:20:00
C-D05-00261,u0306,稍等 系统更新 @@@,啊 驱动管理器（口述）,删除或脱敏,2026-06-05T12:21:00
C-D05-00262,u0557,嗯 【允许 emoji】 ENDEND,[ASR] 别保存手机号,标记 needs_review,2026-06-05T12:22:00+08:00
C-D05-00263,u0738,[ASR] 简洁版 @@@,啊 详细版 #todo,标记 needs_review,2026-06-05 12:23:00
C-D05-00264,u0523,稍等 ```保存手机号```,help:  禁用 emoji @@@,删除或脱敏,2026-06-05T12:24:00
C-D05-00265,u0501,然后然后 允许 emoji @@@,我想想 详细版 ENDEND,只保留本轮,2026/06/05 12:25
C-D05-00266,u0397,呃 ```保存手机号``` 😅,麻烦  禁用 emoji！！！,标记 needs_review,2026-06-05T12:26:00+08:00
C-D05-00267,u0450,呃 保存手机号 😅,其实 驱动管理器 😅,只保留本轮,2026-06-05T12:27:00
C-D05-00268,u0025,就是　系统更新！！！,就是 别保存手机号……,删除或脱敏,2026-06-05T12:28:00
C-D05-00269,u0680,其实 允许 emoji ENDEND,麻烦  禁用 emoji 😅,覆盖旧记忆,2026-06-05T12:29:00
C-D05-00270,u0760,那个  ```保存手机号``` #todo,嗯 别保存手机号……,只保留本轮,2026年06月05日 12:30
C-D05-00271,u0736,然后然后 允许 emoji,就是 **驱动管理器**……,覆盖旧记忆,2026-06-05 12:31:00
C-D05-00272,u0577,help: 允许 emoji ENDEND,那个 详细版……,覆盖旧记忆,2026-06-05T12:32:00
C-D05-00273,u0643,其实 【允许 emoji】 ～,啊 <p>详细版</p> <!-- cached -->,标记 needs_review,2026/06/05 12:33:00
C-D05-00274,u0428,啊 ```简洁版``` @@@,稍等 禁用 emoji,标记 needs_review,2026-06-05T12:34:00+08:00
C-D05-00275,u0477,就是 简洁版 @@@,稍等 ```禁用　emoji``` ～,删除或脱敏,2026-06-05T12:35:00
C-D05-00276,u0219,我想想 系统更新,help: 驱动管理器,只保留本轮,2026-06-05 12:36:00
C-D05-00277,u0730, 保存手机号 ENDEND,然后然后 禁用 emoji！！！,只保留本轮,2026/06/05 12:37
C-D05-00278,u0581,呃 保存手机号,help: 详细版 @@@,只保留本轮,2026-06-05T12:38:00+08:00
C-D05-00279,u0058,啊 保存手机号！！！,稍等 禁用 emoji……,只保留本轮,2026/06/05 12:39
C-D05-00280,u0078,稍等　允许 emoji <!-- cached -->,稍等　驱动管理器（口述）,只保留本轮,2026-06-05T12:40:00+08:00
C-D05-00281,u0024,[ASR] 简洁版 ENDEND,麻烦 别保存手机号 [draft],覆盖旧记忆,2026/06/05 12:41
C-D05-00282,u0040,就是 允许 emoji #todo,"然后然后 别保存手机号
cache=false <!-- cached -->",标记 needs_review,2026-06-05T12:42:00
C-D05-00283,u0454,help: 允许  emoji <!-- cached -->,其实 ```别保存手机号``` <!-- cached -->,删除或脱敏,2026/06/05 12:43
C-D05-00284,u0231,"嗯 <p>保存手机号</p>
cache=false [draft]",啊 祥细版 [draft],只保留本轮,2026/06/05 12:44
C-D05-00285,u0376, 简洁版 @@@,"其实  详细版
stdout: OK ENDEND",只保留本轮,2026/06/05 12:45
C-D05-00286,u0092,就是 允许 emoji <!-- cached -->,稍等  详细版 #todo,删除或脱敏,2026/06/05 12:46:00
C-D05-00287,u0503,"那个 保存手机号
stdout: OK 😅",那个 驱动管理器……,删除或脱敏,2026/06/05 12:47
C-D05-00288,u0165,[ASR] **系统更新**……,那个 别保存手机号 #todo,只保留本轮,2026-06-05T12:48:00
C-D05-00289,u0027,那个 简洁版……,[ASR] 禁用 emoji [draft],只保留本轮,2026-06-05 12:49:00
C-D05-00290,u0597,麻烦 保存手机号！！！,呃 驱动管理器（口述）,删除或脱敏,2026-06-05T12:50:00
C-D05-00291,u0089,然后然后 允许 emoji,稍等　别保存手机号！！！,删除或脱敏,2026/06/05 12:51
C-D05-00292,u0677,"呃  系统更新
cache=false……",help: 禁用 emoji（口述）,只保留本轮,2026-06-05T12:52:00
C-D05-00293,u0398,呃 简洁版……,嗯 别保存手机号 [draft],删除或脱敏,2026/06/05 12:53
C-D05-00294,u0102,然后然后　**系统更新** @@@,呃　禁用  emoji @@@,标记 needs_review,2026年06月05日 12:54
C-D05-00295,u0572,稍等 【简洁版】,"啊 驱动管理器
stdout: OK（口述）",删除或脱敏,2026/06/05 12:55
C-D05-00296,u0783,呃 保存手机号！！！,[ASR] 别保存手机号 @@@,只保留本轮,2026年06月05日 12:56
C-D05-00297,u0752,稍等　系统更新 ～,麻烦 别保存手机号（口述）,标记 needs_review,2026-06-05T12:57:00
C-D05-00298,u0074,然后然后 简洁版 ～,然后然后 禁用 emoji！！！,只保留本轮,2026-06-05T12:58:00+08:00
C-D05-00299,u0654,那个  允许 emoji 😅,稍等 别保存手机号 @@@,只保留本轮,2026-06-05 12:59:00
C-D05-00300,u0170,嗯 允许 emoji #todo,嗯　详细版 😅,标记 needs_review,
C-D05-00301,u0583,[ASR] 简洁版 [draft],[ASR] 别保存手机号（口述）,删除或脱敏,2026/06/05 13:01
C-D05-00302,u0096,啊 简洁版（口述）,麻烦 <<<< 禁用 emoji >>>> @@@,覆盖旧记忆,2026年06月05日 13:02
C-D05-00303,u0540,啊 保存手机号,　祥细版 😅,覆盖旧记忆,2026年06月05日 13:03
C-D05-00304,u0637,那个 简洁版 @@@,就是 禁用 emoji [draft],删除或脱敏,2026-06-05T13:04:00+08:00
C-D05-00305,u0380,我想想 <p>保存手机号</p> <!-- cached -->,我想想 别保存手机号 ～,删除或脱敏,2026/06/05 13:05:00
C-D05-00306,u0775,麻烦 **保存手机号** 😅,[ASR] 驱动管理器 @@@,标记 needs_review,2026-06-05 13:06:00
C-D05-00307,u0318,我想想 系统更新（口述）,[ASR] 别保存手机号（口述）,覆盖旧记忆,2026-06-05T13:07:00+08:00
C-D05-00308,u0661,我想想 系统更新 #todo,help: 别保存手机号 ～,删除或脱敏,2026年06月05日 13:08
C-D05-00309,u0360, 简洁版（口述）,其实　驱动管理器 ～,删除或脱敏,2026年06月05日 13:09
C-D05-00310,u0748,那个　保存手机号（口述）,[ASR]　禁用	emoji！！！,覆盖旧记忆,2026年06月05日 13:10
C-D05-00311,u0525,就是 保存手机号 ENDEND,然后然后 详细版 <!-- cached -->,只保留本轮,2026-06-05 13:11:00
C-D05-00312,u0606,稍等  允许 emoji（口述）,我想想　详细版（口述）,覆盖旧记忆,2026-06-05T13:12:00
C-D05-00313,u0273,嗯 系统更新 #todo,就是 禁用 emoji（口述）,标记 needs_review,2026-06-05 13:13:00
C-D05-00314,u0364,help: 保存手机号 #todo,[ASR] 禁用 emoji ENDEND,标记 needs_review,2026/06/05 13:14
C-D05-00315,u0535,嗯 简洁版！！！,嗯 驱动管理器,覆盖旧记忆,2026-06-05T13:15:00
C-D05-00316,u0593,"那个 保存手机号
stdout: OK 😅",[ASR] 祥细版 [draft],只保留本轮,2026/06/05 13:16:00
C-D05-00317,u0536,"help: 简洁版
stdout: OK @@@",然后然后 禁用 emoji！！！,覆盖旧记忆,2026-06-05T13:17:00+08:00
C-D05-00318,u0685,就是 系统更新,我想想 别保存手机号……,覆盖旧记忆,2026/06/05 13:18:00
C-D05-00319,u0345,稍等 允许 emoji #todo,其实 详细版 ENDEND,标记 needs_review,2026年06月05日 13:19
C-D05-00320,u0398,稍等 简洁版,"啊 驱动管理器
cache=false ENDEND",覆盖旧记忆,2026/06/05 13:20
C-D05-00321,u0687,就是 保存手机号！！！,其实 【别保存手机号】 @@@,删除或脱敏,2026年06月05日 13:21
C-D05-00322,u0590,"那个 系统更新
cache=false ～",就是 别保存手机号 @@@,只保留本轮,2026-06-05T13:22:00
C-D05-00323,u0230,然后然后 允许 emoji,啊 禁用 emoji 😅,标记 needs_review,2026-06-05T13:23:00+08:00
C-D05-00324,u0048,然后然后 允许  emoji！！！,我想想　```祥细版``` <!-- cached -->,标记 needs_review,2026-06-05 13:24:00
C-D05-00325,u0505,help: 简洁版 😅,嗯 禁用 emoji！！！,标记 needs_review,2026-06-05 13:25:00
C-D05-00326,u0599,[ASR] 允许 emoji 😅,  驱动管理器 😅,只保留本轮,2026-06-05T13:26:00+08:00
C-D05-00327,u0418,我想想 系统更新……,啊 祥细版！！！,覆盖旧记忆,2026-06-05T13:27:00
C-D05-00328,u0552,麻烦 保存手机号 #todo,help: 别保存手机号 ENDEND,标记 needs_review,2026-06-05T13:28:00+08:00
C-D05-00329,u0630,[ASR] 允许 emoji……,那个 禁用 emoji #todo,标记 needs_review,2026-06-05T13:29:00+08:00
C-D05-00330,u0685,我想想 保存手机号（口述）,呃  驱动管理器,删除或脱敏,2026-06-05T13:30:00
C-D05-00331,u0613,我想想 系统更新 ENDEND,啊 禁用	emoji ENDEND,删除或脱敏,2026年06月05日 13:31
C-D05-00332,u0013,稍等 系统更新 <!-- cached -->,其实 别保存手机号 😅,覆盖旧记忆,2026-06-05T13:32:00+08:00
C-D05-00333,u0462,那个 简洁版 😅,稍等　驱动管理器（口述）,删除或脱敏,2026年06月05日 13:33
C-D05-00334,u0752,啊 简洁版 <!-- cached -->,呃 驱动管理器 @@@,删除或脱敏,2026-06-05T13:34:00
C-D05-00335,u0672,我想想 保存手机号 <!-- cached -->,稍等　别保存手机号 #todo,标记 needs_review,2026年06月05日 13:35
C-D05-00336,u0488,help: 保存手机号……, 禁用 emoji ～,标记 needs_review,2026-06-05T13:36:00
C-D05-00337,u0477,其实 系统更新！！！,其实 别保存手机号 ～,只保留本轮,2026-06-05T13:37:00
C-D05-00338,u0603,呃 保存手机号 #todo,help: ```祥细版```！！！,覆盖旧记忆,2026/06/05 13:38:00
C-D05-00339,u0693,其实　允许 emoji <!-- cached -->,"呃 禁用 emoji
stdout: OK <!-- cached -->",覆盖旧记忆,2026-06-05T13:39:00+08:00
C-D05-00340,u0173,就是 【系统更新】 <!-- cached -->,其实 驱动管理器 ENDEND,覆盖旧记忆,2026/06/05 13:40:00
C-D05-00341,u0335,那个 简洁版……,其实  别保存手机号（口述）,标记 needs_review,2026-06-05T13:41:00
C-D05-00342,u0201,其实 保存手机号（口述）,啊  详细版 [draft],标记 needs_review,2026/06/05 13:42
C-D05-00343,u0390,呃 保存手机号 😅,那个 禁用 emoji ～,标记 needs_review,2026-06-05 13:43:00
C-D05-00344,u0192,[ASR] 系统更新 #todo,然后然后 别保存手机号 😅,只保留本轮,2026-06-05T13:44:00+08:00
C-D05-00345,u0299,然后然后 <<<< 允许 emoji >>>>……,稍等  别保存手机号……,删除或脱敏,2026-06-05 13:45:00
C-D05-00346,u0132,help:　系统更新 😅,嗯  别保存手机号 #todo,删除或脱敏,2026/06/05 13:46
C-D05-00347,u0397,嗯 系统更新！！！,那个 详细版 ENDEND,覆盖旧记忆,2026-06-05 13:47:00
C-D05-00348,u0127,其实 保存手机号！！！,我想想 禁用 emoji <!-- cached -->,标记 needs_review,2026-06-05T13:48:00+08:00
C-D05-00349,u0690,"呃　系统更新
stdout: OK 😅",就是  驱动管理器 😅,覆盖旧记忆,2026-06-05T13:49:00
C-D05-00350,u0440,[ASR]　允许 emoji……,help: ```驱动管理器``` ～,标记 needs_review,2026年06月05日 13:50
C-D05-00351,u0745,help:  简洁版 😅,嗯 禁用 emoji（口述）,删除或脱敏,2026/06/05 13:51
C-D05-00352,u0696,help: 允许  emoji <!-- cached -->,嗯 详细版 ENDEND,标记 needs_review,2026-06-05T13:52:00
C-D05-00353,u0060,麻烦 简洁版！！！,嗯 祥细版 ENDEND,只保留本轮,2026-06-05 13:53:00
C-D05-00354,u0738,嗯 保存手机号,然后然后 别保存手机号 ENDEND,覆盖旧记忆,2026-06-05T13:54:00
C-D05-00355,u0209,就是 <<<< 系统更新 >>>> @@@,稍等 【别保存手机号】！！！,删除或脱敏,2026/06/05 13:55
C-D05-00356,u0184,我想想 简洁版（口述）,[ASR] 详细版 ENDEND,删除或脱敏,2026-06-05T13:56:00+08:00
C-D05-00357,u0681,啊 系统更新 [draft],　禁用 emoji（口述）,标记 needs_review,2026/06/05 13:57:00
C-D05-00358,u0494,其实  简洁版 [draft],嗯  驱动管理器（口述）,删除或脱敏,2026-06-05T13:58:00+08:00
C-D05-00359,u0430,其实 ```保存手机号```,[ASR]　别保存手机号 😅,删除或脱敏,2026-06-05T13:59:00
C-D05-00360,u0574,就是　允许 emoji……,啊 禁用 emoji,删除或脱敏,
C-D05-00361,u0004,稍等　保存手机号 😅,那个 详细版（口述）,删除或脱敏,2026-06-05T14:01:00+08:00
C-D05-00362,u0058,呃 系统更新 ENDEND,[ASR] 别保存手机号,删除或脱敏,2026-06-05T14:02:00
C-D05-00363,u0061,  简洁版！！！,呃 禁用 emoji #todo,删除或脱敏,2026/06/05 14:03
C-D05-00364,u0083,"嗯 简洁版
stdout: OK（口述）",啊 禁用 emoji <!-- cached -->,只保留本轮,2026/06/05 14:04:00
C-D05-00365,u0750,[ASR] 系统更新！！！,我想想 别保存手机号（口述）,覆盖旧记忆,2026-06-05T14:05:00
C-D05-00366,u0704,就是 保存手机号 😅,其实 别保存手机号,标记 needs_review,2026-06-05T14:06:00+08:00
C-D05-00367,u0305,就是 <p>简洁版</p> 😅,嗯 别保存手机号！！！,只保留本轮,2026/06/05 14:07:00
C-D05-00368,u0193,我想想 **允许 emoji**……," 驱动管理器
stdout: OK <!-- cached -->",只保留本轮,2026-06-05T14:08:00+08:00
C-D05-00369,u0181,嗯  系统更新 @@@,"其实 <p>禁用 emoji</p>

<!--done--> ～",覆盖旧记忆,2026/06/05 14:09:00
C-D05-00370,u0142,其实 简洁版……,然后然后  禁用 emoji！！！,删除或脱敏,2026年06月05日 14:10
C-D05-00371,u0428,然后然后　<<<< 保存手机号 >>>>……,其实 祥细版 [draft],标记 needs_review,2026-06-05T14:11:00
C-D05-00372,u0430,啊 系统更新！！！,"啊 别保存手机号
cache=false",覆盖旧记忆,2026-06-05T14:12:00
C-D05-00373,u0247,其实 允许 emoji ～,　详细版 [draft],只保留本轮,2026/06/05 14:13
C-D05-00374,u0695,然后然后 系统更新……,啊 <<<< 禁用 emoji >>>> [draft],标记 needs_review,2026-06-05T14:14:00
C-D05-00375,u0501,然后然后 允许 emoji <!-- cached -->,[ASR] <<<< 驱动管理器 >>>> <!-- cached -->,只保留本轮,2026/06/05 14:15:00
C-D05-00376,u0596,那个 简洁版 #todo,麻烦 详细版 #todo,删除或脱敏,2026年06月05日 14:16
C-D05-00377,u0030,[ASR] 保存手机号 [draft],我想想 别保存手机号 ENDEND,标记 needs_review,2026/06/05 14:17
C-D05-00378,u0749,"其实 ```允许 emoji```
cache=false @@@",[ASR] 祥细版（口述）,覆盖旧记忆,2026/06/05 14:18
C-D05-00379,u0075,呃 系统更新 @@@,嗯 驱动管理器 #todo,删除或脱敏,2026-06-05T14:19:00
C-D05-00380,u0628,然后然后  简洁版 [draft],[ASR] 别保存手机号……,删除或脱敏,2026/06/05 14:20
C-D05-00381,u0507,麻烦　简洁版 ～, **别保存手机号** #todo,覆盖旧记忆,2026-06-05T14:21:00+08:00
C-D05-00382,u0782,啊 系统更新……,其实 驱动管理器（口述）,删除或脱敏,2026-06-05T14:22:00+08:00
C-D05-00383,u0594,嗯 允许 emoji <!-- cached -->,啊 详细版 😅,标记 needs_review,2026年06月05日 14:23
C-D05-00384,u0024,help: 简洁版！！！,然后然后 别保存手机号 #todo,只保留本轮,2026年06月05日 14:24
C-D05-00385,u0194,help: 系统更新 #todo,[ASR] 别保存手机号 ENDEND,标记 needs_review,2026-06-05 14:25:00
C-D05-00386,u0098,稍等 ```保存手机号``` ～,"其实 祥细版
cache=false <!-- cached -->",删除或脱敏,2026-06-05T14:26:00+08:00
C-D05-00387,u0532,"然后然后 系统更新
cache=false……",就是 祥细版 @@@,删除或脱敏,2026/06/05 14:27:00
C-D05-00388,u0271,就是 允许 emoji ENDEND,help:  禁用　emoji,覆盖旧记忆,2026/06/05 14:28
C-D05-00389,u0372,然后然后 保存手机号 [draft],我想想　别保存手机号！！！,覆盖旧记忆,2026/06/05 14:29:00
C-D05-00390,u0333,呃 简洁版 ～,其实　<p>禁用　emoji</p>……,只保留本轮,2026/06/05 14:30
C-D05-00391,u0282,然后然后 <p>保存手机号</p>……,麻烦 驱动管理器！！！,覆盖旧记忆,2026/06/05 14:31
C-D05-00392,u0134, 保存手机号 ～,麻烦 别保存手机号 ENDEND,覆盖旧记忆,2026-06-05T14:32:00
C-D05-00393,u0695,稍等 简洁版 @@@,那个 详细版 #todo,删除或脱敏,2026年06月05日 14:33
C-D05-00394,u0031,help: 系统更新 #todo,那个 禁用 emoji ENDEND,只保留本轮,2026/06/05 14:34:00
C-D05-00395,u0511,我想想　允许 emoji <!-- cached -->,help: 祥细版 😅,覆盖旧记忆,2026-06-05T14:35:00+08:00
C-D05-00396,u0278,啊 允许 emoji [draft],呃 详细版 😅,覆盖旧记忆,2026-06-05T14:36:00+08:00
C-D05-00397,u0420,我想想 允许 emoji #todo,然后然后  别保存手机号（口述）,删除或脱敏,2026-06-05T14:37:00+08:00
C-D05-00398,u0504, ```简洁版``` @@@,[ASR]　详细版……,覆盖旧记忆,2026-06-05T14:38:00
C-D05-00399,u0555,我想想 允许 emoji 😅,[ASR]　驱动管理器 @@@,只保留本轮,2026-06-05T14:39:00+08:00
C-D05-00400,u0073,help: **保存手机号**,就是　<p>别保存手机号</p> 😅,标记 needs_review,2026/06/05 14:40:00
C-D05-00401,u0648,呃 【允许 emoji】 #todo,我想想 祥细版！！！,删除或脱敏,2026/06/05 14:41
C-D05-00402,u0376,"然后然后 简洁版

<!--done--> 😅",嗯 禁用 emoji ENDEND,只保留本轮,2026/06/05 14:42:00
C-D05-00403,u0083,那个 保存手机号,嗯 禁用 emoji 😅,标记 needs_review,2026/06/05 14:43
C-D05-00404,u0089,就是 允许 emoji,"　禁用 emoji

<!--done--> [draft]",只保留本轮,2026/06/05 14:44:00
C-D05-00405,u0326,麻烦 保存手机号,稍等 【详细版】 ～,覆盖旧记忆,2026年06月05日 14:45
C-D05-00406,u0624," 简洁版
cache=false 😅",那个 详细版,覆盖旧记忆,2026-06-05T14:46:00
C-D05-00407,u0271,啊 <<<< 简洁版 >>>> @@@,然后然后 禁用 emoji [draft],标记 needs_review,2026-06-05T14:47:00
C-D05-00408,u0346,就是  简洁版 <!-- cached -->,然后然后 禁用 emoji！！！,覆盖旧记忆,2026-06-05T14:48:00
C-D05-00409,u0672,然后然后  <<<< 简洁版 >>>>,麻烦 禁用 emoji,覆盖旧记忆,2026-06-05T14:49:00
C-D05-00410,u0436,然后然后　系统更新 ENDEND,那个 驱动管理器！！！,标记 needs_review,2026/06/05 14:50
C-D05-00411,u0552,呃 保存手机号 <!-- cached -->,嗯 禁用 emoji [draft],删除或脱敏,2026-06-05T14:51:00
C-D05-00412,u0782,麻烦 ```系统更新```,help:　别保存手机号 ～,覆盖旧记忆,2026-06-05T14:52:00
C-D05-00413,u0698,我想想 允许 emoji #todo,就是 禁用  emoji,只保留本轮,2026-06-05T14:53:00
C-D05-00414,u0479,就是 简洁版 ENDEND,我想想 祥细版（口述）,覆盖旧记忆,2026/06/05 14:54
C-D05-00415,u0402,help: 系统更新 😅,我想想 禁用 emoji 😅,删除或脱敏,2026-06-05 14:55:00
C-D05-00416,u0678,其实 允许 emoji #todo,那个 别保存手机号（口述）,覆盖旧记忆,2026年06月05日 14:56
C-D05-00417,u0258,[ASR]  系统更新！！！,  禁用	emoji！！！,只保留本轮,2026年06月05日 14:57
C-D05-00418,u0129,那个 系统更新 <!-- cached -->,我想想 别保存手机号 #todo,删除或脱敏,2026年06月05日 14:58
C-D05-00419,u0406,help: 允许 emoji（口述）,呃 ```别保存手机号``` @@@,删除或脱敏,
C-D05-00420,u0506,稍等  系统更新 ～,[ASR] 详细版,只保留本轮,2026-06-05T15:00:00
C-D05-00421,u0586,"稍等 允许 emoji

<!--done--> <!-- cached -->",然后然后  禁用  emoji [draft],覆盖旧记忆,2026-06-05T15:01:00
C-D05-00422,u0716,嗯 保存手机号,[ASR] 禁用 emoji [draft],标记 needs_review,2026-06-05 15:02:00
C-D05-00423,u0623,麻烦 简洁版 ～,"麻烦　别保存手机号
cache=false（口述）",只保留本轮,2026-06-05T15:03:00
C-D05-00424,u0091, 保存手机号（口述）,麻烦 驱动管理器,覆盖旧记忆,2026/06/05 15:04
C-D05-00425,u0481,就是 系统更新 <!-- cached -->,那个 别保存手机号！！！,删除或脱敏,2026-06-05T15:05:00
C-D05-00426,u0674,麻烦 保存手机号……,然后然后　<p>别保存手机号</p>！！！,删除或脱敏,2026-06-05T15:06:00+08:00
C-D05-00427,u0109,然后然后　系统更新 <!-- cached -->,嗯 驱动管理器 [draft],只保留本轮,2026/06/05 15:07
C-D05-00428,u0556,"我想想 <<<< 允许 emoji >>>>
stdout: OK ENDEND",啊 【驱动管理器】（口述）,标记 needs_review,2026-06-05T15:08:00
C-D05-00429,u0660,麻烦  系统更新 ～, 详细版……,覆盖旧记忆,2026-06-05T15:09:00+08:00
C-D05-00430,u0220,呃 允许 emoji ENDEND,呃 详细版 😅,删除或脱敏,2026-06-05 15:10:00
C-D05-00431,u0383,[ASR] 系统更新 😅,稍等 驱动管理器 [draft],只保留本轮,2026/06/05 15:11
C-D05-00432,u0604,"嗯 保存手机号
cache=false [draft]",[ASR] 禁用 emoji <!-- cached -->,只保留本轮,2026-06-05 15:12:00
C-D05-00433,u0287,[ASR] 允许 emoji [draft],help: 祥细版……,覆盖旧记忆,2026/06/05 15:13:00
C-D05-00434,u0302,嗯 简洁版 @@@,然后然后　别保存手机号！！！,标记 needs_review,2026-06-05T15:14:00+08:00
C-D05-00435,u0512,呃 允许 emoji ENDEND, **禁用 emoji**……,标记 needs_review,2026-06-05T15:15:00
C-D05-00436,u0214,呃 允许 emoji ～,其实 <p>驱动管理器</p> ～,标记 needs_review,2026-06-05T15:16:00+08:00
C-D05-00437,u0580, 保存手机号 ～,呃 驱动管理器 ENDEND,覆盖旧记忆,2026-06-05 15:17:00
C-D05-00438,u0082,就是 简洁版！！！,我想想 别保存手机号 ENDEND,只保留本轮,2026-06-05T15:18:00
C-D05-00439,u0344,help: 允许 emoji（口述）,help: 禁用 emoji <!-- cached -->,删除或脱敏,2026-06-05T15:19:00+08:00
C-D05-00440,u0106,嗯 简洁版（口述）,就是 详细版 #todo,覆盖旧记忆,2026-06-05T15:20:00+08:00
C-D05-00441,u0742,然后然后 **系统更新** @@@,稍等  禁用 emoji [draft],覆盖旧记忆,2026-06-05 15:21:00
C-D05-00442,u0475,我想想 简洁版 [draft],那个　驱动管理器 @@@,只保留本轮,2026-06-05T15:22:00+08:00
C-D05-00443,u0467,那个 保存手机号 ～,啊 驱动管理器 😅,只保留本轮,2026-06-05T15:23:00+08:00
C-D05-00444,u0317,其实 系统更新！！！,然后然后 详细版 😅,标记 needs_review,2026/06/05 15:24
C-D05-00445,u0385,我想想 保存手机号 <!-- cached -->,"嗯　别保存手机号
stdout: OK",覆盖旧记忆,2026/06/05 15:25
C-D05-00446,u0135,嗯 保存手机号 ENDEND,稍等 禁用 emoji <!-- cached -->,覆盖旧记忆,2026-06-05 15:26:00
C-D05-00447,u0763,  保存手机号 [draft],[ASR] 禁用 emoji……,删除或脱敏,2026-06-05 15:27:00
C-D05-00448,u0038,那个 保存手机号,啊 【驱动管理器】！！！,只保留本轮,2026/06/05 15:28:00
C-D05-00449,u0785,help: 简洁版 @@@,help: 驱动管理器 #todo,标记 needs_review,2026/06/05 15:29:00
C-D05-00450,u0590,就是 允许 emoji @@@,help: 详细版 ENDEND,标记 needs_review,2026-06-05T15:30:00
C-D05-00451,u0037,那个 允许 emoji 😅,嗯  驱动管理器 #todo,覆盖旧记忆,2026-06-05T15:31:00+08:00
C-D05-00452,u0370,麻烦  保存手机号（口述）,嗯 别保存手机号 😅,覆盖旧记忆,2026/06/05 15:32:00
C-D05-00453,u0080,麻烦 系统更新 #todo,麻烦 别保存手机号！！！,标记 needs_review,2026-06-05T15:33:00
C-D05-00454,u0275,稍等 ```允许 emoji``` ～,稍等 禁用 emoji,覆盖旧记忆,2026/06/05 15:34
C-D05-00455,u0214,嗯 简洁版……,啊 详细版 ENDEND,删除或脱敏,2026/06/05 15:35:00
C-D05-00456,u0767,[ASR] 【简洁版】 ～,麻烦 详细版（口述）,标记 needs_review,2026/06/05 15:36
C-D05-00457,u0387,其实 简洁版！！！,麻烦　详细版 @@@,删除或脱敏,2026-06-05T15:37:00
C-D05-00458,u0287,嗯 保存手机号 <!-- cached -->,嗯 别保存手机号 ENDEND,只保留本轮,2026年06月05日 15:38
C-D05-00459,u0333,[ASR]　简洁版,稍等 别保存手机号！！！,删除或脱敏,2026-06-05T15:39:00
C-D05-00460,u0291,呃 系统更新（口述）,然后然后 驱动管理器 #todo,删除或脱敏,2026年06月05日 15:40
C-D05-00461,u0137,"[ASR] **允许 emoji**

<!--done-->（口述）",啊 详细版 <!-- cached -->,删除或脱敏,2026年06月05日 15:41
C-D05-00462,u0562,我想想　允许 emoji（口述）,就是 驱动管理器 ～,只保留本轮,2026/06/05 15:42
C-D05-00463,u0035,"就是 简洁版
stdout: OK ENDEND",其实 别保存手机号,标记 needs_review,2026/06/05 15:43:00
C-D05-00464,u0720,就是  系统更新！！！,我想想  驱动管理器 #todo,标记 needs_review,2026/06/05 15:44:00
C-D05-00465,u0486,麻烦 简洁版 😅,help: 详细版 @@@,删除或脱敏,2026-06-05 15:45:00
C-D05-00466,u0211,其实 简洁版 😅,就是 别保存手机号 @@@,只保留本轮,2026年06月05日 15:46
C-D05-00467,u0737,呃 保存手机号 😅,就是 别保存手机号 😅,覆盖旧记忆,2026年06月05日 15:47
C-D05-00468,u0474,那个 保存手机号 <!-- cached -->, 禁用 emoji……,删除或脱敏,2026/06/05 15:48:00
C-D05-00469,u0448,稍等 简洁版 <!-- cached -->,稍等 别保存手机号 ENDEND,删除或脱敏,2026-06-05T15:49:00+08:00
C-D05-00470,u0771,呃  简洁版 ENDEND,呃 禁用 emoji <!-- cached -->,只保留本轮,2026-06-05T15:50:00+08:00
C-D05-00471,u0510, 系统更新 <!-- cached -->,"就是 【祥细版】
cache=false……",只保留本轮,2026-06-05T15:51:00
C-D05-00472,u0401,就是 保存手机号 @@@,我想想 详细版 ～,标记 needs_review,2026-06-05 15:52:00
C-D05-00473,u0045,稍等 保存手机号（口述）,麻烦 禁用 emoji ENDEND,删除或脱敏,2026/06/05 15:53:00
C-D05-00474,u0736,我想想 保存手机号！！！,麻烦 别保存手机号,覆盖旧记忆,2026年06月05日 15:54
C-D05-00475,u0792,我想想 允许 emoji <!-- cached -->,help: 别保存手机号 ENDEND,只保留本轮,2026-06-05 15:55:00
C-D05-00476,u0052,呃  <<<< 系统更新 >>>>（口述）,就是 驱动管理器 <!-- cached -->,覆盖旧记忆,2026/06/05 15:56:00
C-D05-00477,u0277,稍等 保存手机号（口述）,稍等 【别保存手机号】……,只保留本轮,2026年06月05日 15:57
C-D05-00478,u0010,稍等 保存手机号……,嗯 禁用	emoji ENDEND,只保留本轮,2026/06/05 15:58
C-D05-00479,u0139,  简洁版 [draft],我想想 详细版 <!-- cached -->,覆盖旧记忆,2026-06-05T15:59:00
C-D05-00480,u0613,help: 简洁版 #todo,稍等  祥细版 ～,标记 needs_review,2026-06-05T16:00:00+08:00
C-D05-00481,u0398,其实 系统更新 [draft],help:  详细版 😅,覆盖旧记忆,2026/06/05 16:01
C-D05-00482,u0638,稍等　**允许 emoji** <!-- cached -->,啊  禁用 emoji #todo,只保留本轮,2026-06-05T16:02:00+08:00
C-D05-00483,u0229,[ASR] 允许 emoji,help:　驱动管理器 [draft],只保留本轮,2026-06-05T16:03:00
C-D05-00484,u0253,稍等 简洁版,[ASR] 驱动管理器 ～,删除或脱敏,2026年06月05日 16:04
C-D05-00485,u0542,那个  允许  emoji @@@,麻烦　禁用 emoji 😅,只保留本轮,2026-06-05T16:05:00+08:00
C-D05-00486,u0054,稍等 系统更新！！！,我想想 祥细版 <!-- cached -->,标记 needs_review,2026-06-05 16:06:00
C-D05-00487,u0620,啊 保存手机号 @@@,啊 驱动管理器 @@@,标记 needs_review,2026/06/05 16:07
C-D05-00488,u0309,然后然后 <p>系统更新</p> 😅,"就是 别保存手机号

<!--done--> [draft]",标记 needs_review,2026/06/05 16:08
C-D05-00489,u0538,嗯 简洁版！！！,那个 驱动管理器……,覆盖旧记忆,2026-06-05T16:09:00+08:00
C-D05-00490,u0550,然后然后 保存手机号……,呃 驱动管理器！！！,删除或脱敏,2026-06-05T16:10:00+08:00
C-D05-00491,u0620,呃 允许 emoji @@@,help: 驱动管理器,覆盖旧记忆,2026年06月05日 16:11
C-D05-00492,u0023,然后然后 简洁版 #todo,就是 别保存手机号 ENDEND,删除或脱敏,2026/06/05 16:12:00
C-D05-00493,u0435,那个 <<<< 保存手机号 >>>> [draft],然后然后 禁用	emoji ENDEND,覆盖旧记忆,2026/06/05 16:13:00
C-D05-00494,u0586,[ASR] 允许 emoji 😅,啊 驱动管理器 ENDEND,删除或脱敏,2026-06-05T16:14:00+08:00
C-D05-00495,u0097,那个 <p>允许  emoji</p>！！！,"我想想 别保存手机号
stdout: OK（口述）",标记 needs_review,2026-06-05 16:15:00
C-D05-00496,u0060,那个  简洁版 #todo,然后然后　禁用 emoji ～,标记 needs_review,2026年06月05日 16:16
C-D05-00497,u0005,呃 简洁版 ENDEND, 驱动管理器 [draft],标记 needs_review,2026-06-05T16:17:00+08:00
C-D05-00498,u0041,就是 简洁版 😅,就是  详细版！！！,只保留本轮,2026年06月05日 16:18
C-D05-00499,u0047,  ```系统更新```……,嗯  别保存手机号！！！,标记 needs_review,2026-06-05T16:19:00+08:00
C-D05-00500,u0689,其实 <p>简洁版</p>（口述）,其实 驱动管理器,删除或脱敏,2026-06-05T16:20:00
C-D05-00501,u0613,"呃 保存手机号
cache=false #todo",呃 **别保存手机号**,删除或脱敏,2026-06-05T16:21:00+08:00
C-D05-00502,u0257,我想想  系统更新 😅,嗯 驱动管理器……,标记 needs_review,2026/06/05 16:22:00
C-D05-00503,u0153,稍等 保存手机号 ENDEND,然后然后 禁用 emoji @@@,只保留本轮,2026-06-05 16:23:00
C-D05-00504,u0080,其实 简洁版！！！,help: 祥细版 ～,删除或脱敏,2026/06/05 16:24
C-D05-00505,u0760,help: 允许 emoji……,呃 别保存手机号 [draft],覆盖旧记忆,2026-06-05T16:25:00
C-D05-00506,u0399,我想想 保存手机号,嗯 别保存手机号 ENDEND,删除或脱敏,2026年06月05日 16:26
C-D05-00507,u0273,help: <<<< 保存手机号 >>>>,"help: 别保存手机号
cache=false [draft]",覆盖旧记忆,2026-06-05 16:27:00
C-D05-00508,u0620,help: 允许 emoji ～,呃 详细版,删除或脱敏,
C-D05-00509,u0570,help: ```系统更新``` ENDEND,麻烦  禁用 emoji @@@,只保留本轮,
C-D05-00510,u0313,啊 系统更新！！！,稍等 详细版,只保留本轮,2026-06-05 16:30:00
C-D05-00511,u0440,啊 系统更新 <!-- cached -->,其实 驱动管理器 @@@,标记 needs_review,2026-06-05 16:31:00
C-D05-00512,u0234,呃 简洁版 @@@, 驱动管理器 [draft],删除或脱敏,2026/06/05 16:32:00
C-D05-00513,u0739,嗯 <p>简洁版</p> ～,"其实　禁用　emoji

<!--done--> <!-- cached -->",只保留本轮,2026/06/05 16:33
C-D05-00514,u0567,"稍等　<p>保存手机号</p>
cache=false [draft]",help: 禁用 emoji,标记 needs_review,2026-06-05T16:34:00
C-D05-00515,u0191, 系统更新 #todo,其实　驱动管理器 @@@,删除或脱敏,2026/06/05 16:35:00
C-D05-00516,u0596,然后然后 保存手机号！！！,啊  驱动管理器 ENDEND,只保留本轮,2026-06-05T16:36:00+08:00
C-D05-00517,u0486,然后然后　简洁版,就是 详细版,删除或脱敏,2026/06/05 16:37:00
C-D05-00518,u0097,嗯 保存手机号 ～,其实 别保存手机号！！！,覆盖旧记忆,2026-06-05 16:38:00
C-D05-00519,u0685, 简洁版（口述）,呃 别保存手机号！！！,删除或脱敏,2026/06/05 16:39
C-D05-00520,u0490,help: 保存手机号 @@@,[ASR] 别保存手机号 @@@,只保留本轮,2026/06/05 16:40
C-D05-00521,u0001,[ASR]  简洁版 @@@,麻烦　驱动管理器……,标记 needs_review,2026-06-05T16:41:00+08:00
C-D05-00522,u0280,啊 允许　emoji [draft],然后然后 别保存手机号 ENDEND,标记 needs_review,2026-06-05T16:42:00
C-D05-00523,u0386,我想想 系统更新……,就是 别保存手机号（口述）,标记 needs_review,2026年06月05日 16:43
C-D05-00524,u0440,啊 保存手机号！！！,然后然后  详细版！！！,只保留本轮,2026-06-05T16:44:00
C-D05-00525,u0349,啊 简洁版,麻烦 详细版 ENDEND,只保留本轮,2026/06/05 16:45:00
C-D05-00526,u0393,就是 <<<< 保存手机号 >>>>……,然后然后　祥细版！！！,标记 needs_review,2026/06/05 16:46
C-D05-00527,u0267,"呃 <<<< 系统更新 >>>>
stdout: OK [draft]","就是  别保存手机号

<!--done-->",只保留本轮,2026/06/05 16:47
C-D05-00528,u0033,嗯 允许 emoji！！！,help: 驱动管理器 ～,删除或脱敏,2026/06/05 16:48:00
C-D05-00529,u0174,麻烦 【系统更新】！！！,就是 禁用 emoji ～,覆盖旧记忆,2026-06-05 16:49:00
C-D05-00530,u0210,麻烦　简洁版 #todo,就是 别保存手机号 #todo,删除或脱敏,2026-06-05T16:50:00
C-D05-00531,u0318,  系统更新（口述）,就是　祥细版 😅,删除或脱敏,2026/06/05 16:51:00
C-D05-00532,u0666,我想想 简洁版 [draft],麻烦 禁用 emoji <!-- cached -->,删除或脱敏,2026-06-05T16:52:00
C-D05-00533,u0653,help: 允许 emoji #todo,那个 别保存手机号 <!-- cached -->,只保留本轮,2026-06-05T16:53:00
C-D05-00534,u0266,稍等 系统更新！！！," 驱动管理器
cache=false ～",覆盖旧记忆,2026-06-05T16:54:00
C-D05-00535,u0267,那个 保存手机号 #todo,稍等　禁用 emoji,标记 needs_review,2026-06-05T16:55:00
C-D05-00536,u0720,我想想 简洁版（口述）,啊 【驱动管理器】！！！,删除或脱敏,2026/06/05 16:56
C-D05-00537,u0157,啊  保存手机号 @@@,那个 <<<< 禁用 emoji >>>> #todo,删除或脱敏,2026-06-05T16:57:00+08:00
C-D05-00538,u0304, ```保存手机号``` [draft],"我想想 详细版
stdout: OK [draft]",标记 needs_review,2026年06月05日 16:58
C-D05-00539,u0602,[ASR] 允许 emoji……,"啊 详细版
cache=false @@@",只保留本轮,2026-06-05T16:59:00
C-D05-00540,u0742,我想想 保存手机号 [draft],就是 驱动管理器（口述）,删除或脱敏,2026/06/05 17:00
C-D05-00541,u0634,其实 保存手机号……,其实　禁用 emoji #todo,删除或脱敏,2026-06-05 17:01:00
C-D05-00542,u0550, 系统更新（口述）,然后然后 禁用 emoji [draft],标记 needs_review,2026/06/05 17:02:00
C-D05-00543,u0667,啊 简洁版 @@@,啊 别保存手机号……,只保留本轮,2026/06/05 17:03:00
C-D05-00544,u0516,就是 简洁版,麻烦  <<<<　详细版　>>>>！！！,删除或脱敏,2026-06-05T17:04:00
C-D05-00545,u0003,"然后然后 保存手机号
stdout: OK <!-- cached -->",help: 别保存手机号（口述）,只保留本轮,2026/06/05 17:05
C-D05-00546,u0288,麻烦 允许 emoji！！！,我想想  禁用 emoji @@@,删除或脱敏,2026-06-05T17:06:00
C-D05-00547,u0419,　系统更新,然后然后 别保存手机号,覆盖旧记忆,2026/06/05 17:07:00
C-D05-00548,u0075,[ASR] 允许 emoji（口述）,麻烦　禁用 emoji,标记 needs_review,2026年06月05日 17:08
C-D05-00549,u0467,麻烦 <p>系统更新</p> ～,就是 【驱动管理器】（口述）,覆盖旧记忆,2026-06-05T17:09:00
C-D05-00550,u0797,其实 允许 emoji……,那个 别保存手机号 @@@,删除或脱敏,2026年06月05日 17:10
C-D05-00551,u0079,[ASR] 系统更新！！！,"其实 详细版
stdout: OK #todo",覆盖旧记忆,2026-06-05T17:11:00+08:00
C-D05-00552,u0643,稍等 保存手机号 [draft],然后然后　详细版,删除或脱敏,2026/06/05 17:12
C-D05-00553,u0098,然后然后 允许 emoji @@@,"嗯 禁用	emoji

<!--done--> [draft]",标记 needs_review,2026-06-05T17:13:00
C-D05-00554,u0229,呃 <<<<	保存手机号	>>>>,help: <p>祥细版</p>……,只保留本轮,2026-06-05 17:14:00
C-D05-00555,u0401,就是 简洁版 ENDEND,嗯 驱动管理器 [draft],覆盖旧记忆,2026/06/05 17:15:00
C-D05-00556,u0772,[ASR]  保存手机号 ENDEND,稍等 禁用 emoji ENDEND,覆盖旧记忆,2026-06-05 17:16:00
C-D05-00557,u0144,我想想 【允许 emoji】……,我想想 禁用 emoji……,删除或脱敏,2026-06-05 17:17:00
C-D05-00558,u0600,其实 允许 emoji ENDEND,  别保存手机号 [draft],覆盖旧记忆,2026-06-05T17:18:00
C-D05-00559,u0065,help: 系统更新 <!-- cached -->, 驱动管理器 @@@,删除或脱敏,2026-06-05T17:19:00+08:00
C-D05-00560,u0325,稍等 简洁版……,嗯 祥细版（口述）,删除或脱敏,2026-06-05 17:20:00
C-D05-00561,u0295,我想想 允许 emoji [draft],那个 禁用 emoji ENDEND,覆盖旧记忆,2026-06-05T17:21:00
C-D05-00562,u0193,啊 保存手机号 😅,然后然后 禁用 emoji ENDEND,标记 needs_review,2026-06-05T17:22:00
C-D05-00563,u0145,嗯 系统更新 😅,嗯 禁用 emoji <!-- cached -->,只保留本轮,2026-06-05T17:23:00+08:00
C-D05-00564,u0227,然后然后 允许 emoji ～,就是 禁用 emoji ENDEND,删除或脱敏,2026年06月05日 17:24
C-D05-00565,u0754,help: 允许 emoji ENDEND,"那个 详细版

<!--done--> <!-- cached -->",只保留本轮,2026/06/05 17:25
C-D05-00566,u0155,我想想 允许 emoji,麻烦 驱动管理器 ENDEND,只保留本轮,2026-06-05T17:26:00
C-D05-00567,u0650,"啊 允许 emoji
cache=false [draft]",然后然后 禁用 emoji,覆盖旧记忆,2026年06月05日 17:27
C-D05-00568,u0197, <<<< 允许 emoji >>>>……,[ASR] 【禁用 emoji】！！！,覆盖旧记忆,2026-06-05 17:28:00
C-D05-00569,u0673,其实 保存手机号（口述）,然后然后 禁用  emoji 😅,删除或脱敏,2026-06-05 17:29:00
C-D05-00570,u0281,然后然后 <p>系统更新</p>！！！,"麻烦 详细版
stdout: OK（口述）",只保留本轮,2026-06-05T17:30:00
C-D05-00571,u0746, 系统更新 @@@,嗯 详细版（口述）,只保留本轮,2026/06/05 17:31:00
C-D05-00572,u0532,麻烦 保存手机号 [draft],嗯 别保存手机号 ～,标记 needs_review,2026-06-05T17:32:00
C-D05-00573,u0102,"其实 【简洁版】
cache=false ENDEND",[ASR] 详细版 ～,只保留本轮,2026/06/05 17:33
C-D05-00574,u0283,然后然后 保存手机号 ENDEND,那个 祥细版,删除或脱敏,2026/06/05 17:34:00
C-D05-00575,u0517,"[ASR] 保存手机号

<!--done--> ～",就是  禁用 emoji @@@,删除或脱敏,2026/06/05 17:35
C-D05-00576,u0243,就是 允许 emoji！！！,"其实 禁用 emoji
cache=false（口述）",标记 needs_review,2026/06/05 17:36:00
C-D05-00577,u0536,那个 **系统更新** <!-- cached -->,"就是　祥细版
cache=false ～",覆盖旧记忆,2026-06-05T17:37:00+08:00
C-D05-00578,u0613,"啊  简洁版

<!--done--> ～",呃 驱动管理器 ～,删除或脱敏,2026-06-05T17:38:00
C-D05-00579,u0090, 保存手机号（口述）,[ASR] 禁用 emoji #todo,标记 needs_review,2026/06/05 17:39:00
C-D05-00580,u0321,嗯 允许 emoji ～,[ASR] 驱动管理器 ENDEND,标记 needs_review,2026/06/05 17:40
C-D05-00581,u0684,啊 系统更新（口述）,稍等 驱动管理器 <!-- cached -->,标记 needs_review,2026/06/05 17:41:00
C-D05-00582,u0111,啊 系统更新！！！, 【详细版】 <!-- cached -->,覆盖旧记忆,2026/06/05 17:42:00
C-D05-00583,u0003,"那个 允许 emoji
stdout: OK @@@",稍等 别保存手机号 [draft],标记 needs_review,2026/06/05 17:43:00
C-D05-00584,u0666,稍等 ```系统更新``` ENDEND,嗯 驱动管理器 ENDEND,删除或脱敏,2026-06-05T17:44:00
C-D05-00585,u0590,"[ASR] 允许 emoji
cache=false <!-- cached -->",麻烦 别保存手机号！！！,覆盖旧记忆,2026-06-05T17:45:00+08:00
C-D05-00586,u0570,啊 保存手机号 @@@,呃 <<<<　禁用　emoji　>>>>！！！,标记 needs_review,2026/06/05 17:46
C-D05-00587,u0236,嗯 系统更新 ENDEND,help: **别保存手机号** #todo,标记 needs_review,2026/06/05 17:47
C-D05-00588,u0112,嗯 简洁版（口述）,"然后然后 详细版
stdout: OK！！！",覆盖旧记忆,2026年06月05日 17:48
C-D05-00589,u0711,啊 系统更新 ～, 别保存手机号 @@@,删除或脱敏,2026/06/05 17:49
C-D05-00590,u0372,其实 简洁版 ～,[ASR] **别保存手机号** @@@,删除或脱敏,2026-06-05T17:50:00
C-D05-00591,u0117,呃　简洁版（口述）,就是　详细版！！！,删除或脱敏,2026年06月05日 17:51
C-D05-00592,u0769,那个 允许 emoji ENDEND,麻烦 **别保存手机号** @@@,标记 needs_review,2026-06-05T17:52:00
C-D05-00593,u0477,呃 系统更新 ENDEND,就是 详细版 [draft],覆盖旧记忆,2026/06/05 17:53
C-D05-00594,u0033,嗯 允许 emoji,啊 详细版（口述）,标记 needs_review,2026/06/05 17:54
C-D05-00595,u0292,其实  简洁版！！！,[ASR] <<<<	祥细版	>>>>！！！,删除或脱敏,2026/06/05 17:55
C-D05-00596,u0359,其实　保存手机号 😅,那个 别保存手机号（口述）,删除或脱敏,2026-06-05T17:56:00+08:00
C-D05-00597,u0396,其实 系统更新（口述）,嗯 驱动管理器 #todo,删除或脱敏,2026-06-05 17:57:00
C-D05-00598,u0767,我想想 简洁版……,然后然后  禁用 emoji #todo,标记 needs_review,2026-06-05T17:58:00+08:00
C-D05-00599,u0452,然后然后  【允许 emoji】……,我想想 祥细版！！！,删除或脱敏,2026-06-05T17:59:00+08:00
C-D05-00600,u0463,那个 系统更新,我想想 祥细版！！！,删除或脱敏,2026-06-05 18:00:00
C-D05-00601,u0291,其实 保存手机号 ～,那个 别保存手机号 <!-- cached -->,只保留本轮,2026-06-05T18:01:00
C-D05-00602,u0608, <p>简洁版</p> 😅,啊 别保存手机号 ～,删除或脱敏,2026/06/05 18:02
C-D05-00603,u0318,稍等 允许 emoji！！！,稍等 别保存手机号 @@@,只保留本轮,2026年06月05日 18:03
C-D05-00604,u0669,麻烦 系统更新 #todo,help: 驱动管理器 #todo,标记 needs_review,2026-06-05T18:04:00
C-D05-00605,u0709,稍等 保存手机号,那个 别保存手机号 @@@,标记 needs_review,2026年06月05日 18:05
C-D05-00606,u0229,"我想想 简洁版

<!--done--> 😅",嗯 详细版！！！,标记 needs_review,2026/06/05 18:06:00
C-D05-00607,u0120,那个 允许 emoji ENDEND,嗯 驱动管理器（口述）,标记 needs_review,2026/06/05 18:07
C-D05-00608,u0637,稍等  <p>保存手机号</p>！！！,呃 祥细版,覆盖旧记忆,2026年06月05日 18:08
C-D05-00609,u0060,然后然后 允许 emoji <!-- cached -->,就是 别保存手机号！！！,覆盖旧记忆,2026-06-05T18:09:00
C-D05-00610,u0697,[ASR] 简洁版 @@@,稍等　禁用 emoji ～,覆盖旧记忆,2026-06-05T18:10:00+08:00
C-D05-00611,u0768,嗯 保存手机号……,其实　<p>禁用 emoji</p> #todo,标记 needs_review,2026-06-05 18:11:00
C-D05-00612,u0263,啊　系统更新 ～,  驱动管理器 @@@,标记 needs_review,2026年06月05日 18:12
C-D05-00613,u0227,那个 允许 emoji……,help: 禁用　emoji,标记 needs_review,2026-06-05T18:13:00
C-D05-00614,u0559,"麻烦 系统更新
stdout: OK（口述）", 驱动管理器 😅,覆盖旧记忆,2026-06-05 18:14:00
C-D05-00615,u0532,help: **简洁版** [draft],其实 详细版 [draft],只保留本轮,2026/06/05 18:15
C-D05-00616,u0677,就是 系统更新 #todo,我想想 禁用 emoji #todo,标记 needs_review,2026-06-05T18:16:00+08:00
C-D05-00617,u0698,稍等 允许 emoji！！！,啊 【禁用 emoji】（口述）,只保留本轮,2026年06月05日 18:17
C-D05-00618,u0427,呃 允许 emoji 😅,呃 别保存手机号 <!-- cached -->,只保留本轮,2026-06-05T18:18:00+08:00
C-D05-00619,u0542,呃 允许 emoji,呃 驱动管理器,只保留本轮,2026年06月05日 18:19
C-D05-00620,u0364,嗯 保存手机号 @@@,然后然后 别保存手机号 😅,删除或脱敏,2026-06-05T18:20:00
C-D05-00621,u0784,[ASR]  保存手机号 <!-- cached -->,[ASR] 别保存手机号……,只保留本轮,2026/06/05 18:21:00
C-D05-00622,u0560,那个 允许 emoji ～,help: 别保存手机号……,只保留本轮,2026-06-05T18:22:00
C-D05-00623,u0291,啊 系统更新 [draft],然后然后 详细版 #todo,标记 needs_review,2026-06-05 18:23:00
C-D05-00624,u0394,其实 保存手机号 @@@,"稍等 **禁用 emoji**
stdout: OK！！！",标记 needs_review,2026-06-05T18:24:00+08:00
C-D05-00625,u0629,然后然后　保存手机号 ～,就是  驱动管理器（口述）,标记 needs_review,2026-06-05T18:25:00
C-D05-00626,u0391,麻烦  **系统更新** ～,呃 驱动管理器 @@@,标记 needs_review,2026年06月05日 18:26
C-D05-00627,u0147,麻烦 允许 emoji [draft],其实　驱动管理器 @@@,标记 needs_review,2026-06-05T18:27:00+08:00
C-D05-00628,u0451,啊 简洁版 [draft],"[ASR] ```驱动管理器```
cache=false",标记 needs_review,2026年06月05日 18:28
C-D05-00629,u0046,那个 允许 emoji ～,就是 禁用 emoji！！！,只保留本轮,2026-06-05T18:29:00
C-D05-00630,u0001,然后然后 系统更新……,help: 详细版 😅,覆盖旧记忆,2026-06-05 18:30:00
C-D05-00631,u0707, **系统更新** ENDEND,稍等 别保存手机号 <!-- cached -->,标记 needs_review,2026-06-05T18:31:00
C-D05-00632,u0425,嗯 允许 emoji,[ASR]　别保存手机号！！！,只保留本轮,2026/06/05 18:32:00
C-D05-00633,u0570,我想想 系统更新 😅,呃  禁用 emoji！！！,覆盖旧记忆,2026/06/05 18:33:00
C-D05-00634,u0550,我想想 允许 emoji, 禁用 emoji！！！,标记 needs_review,2026年06月05日 18:34
C-D05-00635,u0530,就是 允许 emoji！！！,啊 驱动管理器 #todo,只保留本轮,2026-06-05 18:35:00
C-D05-00636,u0665,啊 【保存手机号】 [draft],[ASR] 驱动管理器 @@@,删除或脱敏,2026/06/05 18:36:00
C-D05-00637,u0763,其实 允许 emoji @@@,然后然后 详细版 <!-- cached -->,标记 needs_review,2026-06-05T18:37:00
C-D05-00638,u0190,就是 简洁版 <!-- cached -->,嗯　驱动管理器 ～,标记 needs_review,2026-06-05T18:38:00
C-D05-00639,u0076," 保存手机号
cache=false！！！",麻烦 禁用 emoji #todo,只保留本轮,2026-06-05T18:39:00
C-D05-00640,u0612,麻烦 允许 emoji！！！,help: 详细版（口述）,删除或脱敏,2026年06月05日 18:40
C-D05-00641,u0456,那个 系统更新……,然后然后  **详细版** <!-- cached -->,覆盖旧记忆,2026/06/05 18:41:00
C-D05-00642,u0750,就是 简洁版 [draft],help: 别保存手机号！！！,删除或脱敏,2026/06/05 18:42
C-D05-00643,u0197,[ASR] 系统更新！！！,麻烦　别保存手机号……,覆盖旧记忆,2026/06/05 18:43
C-D05-00644,u0452,help:　允许 emoji！！！,啊 驱动管理器 @@@,删除或脱敏,2026-06-05 18:44:00
C-D05-00645,u0304,"呃 系统更新
cache=false [draft]",help: 详细版 #todo,覆盖旧记忆,2026-06-05T18:45:00+08:00
C-D05-00646,u0005,麻烦 保存手机号 😅,  <<<< 禁用 emoji >>>> ENDEND,标记 needs_review,2026-06-05T18:46:00
C-D05-00647,u0700, 允许　emoji……,"然后然后 禁用 emoji
cache=false #todo",只保留本轮,2026-06-05T18:47:00+08:00
C-D05-00648,u0032,"麻烦 允许 emoji
cache=false #todo",呃 禁用 emoji……,删除或脱敏,2026/06/05 18:48:00
C-D05-00649,u0200,[ASR] 系统更新 😅,那个 详细版……,只保留本轮,2026/06/05 18:49:00
C-D05-00650,u0314,"稍等 允许 emoji

<!--done-->（口述）",稍等 祥细版 ENDEND,标记 needs_review,2026/06/05 18:50
C-D05-00651,u0460,我想想 系统更新 😅,help:　<p>详细版</p> 😅,删除或脱敏,2026-06-05T18:51:00+08:00
C-D05-00652,u0116,我想想 简洁版 [draft],我想想 禁用 emoji ～,覆盖旧记忆,2026/06/05 18:52
C-D05-00653,u0357,help: 系统更新 @@@,[ASR]　驱动管理器 ENDEND,删除或脱敏,2026-06-05T18:53:00+08:00
C-D05-00654,u0722,啊　保存手机号（口述）,稍等　详细版 [draft],标记 needs_review,2026/06/05 18:54
C-D05-00655,u0176,[ASR] 【系统更新】（口述）,啊 ```别保存手机号``` 😅,标记 needs_review,2026-06-05T18:55:00+08:00
C-D05-00656,u0601,其实 简洁版（口述）,"[ASR] 别保存手机号
stdout: OK ENDEND",删除或脱敏,2026/06/05 18:56
C-D05-00657,u0091,其实 允许 emoji #todo,我想想 详细版……,标记 needs_review,2026年06月05日 18:57
C-D05-00658,u0084,help: 允许 emoji <!-- cached -->,help: 驱动管理器 [draft],覆盖旧记忆,2026/06/05 18:58
C-D05-00659,u0660,嗯 允许 emoji #todo,"其实 别保存手机号
cache=false……",覆盖旧记忆,2026/06/05 18:59
C-D05-00660,u0453,"  系统更新
stdout: OK ENDEND",呃 驱动管理器（口述）,标记 needs_review,2026/06/05 19:00
C-D05-00661,u0389,麻烦 允许 emoji ENDEND,其实 禁用 emoji（口述）,覆盖旧记忆,2026/06/05 19:01:00
C-D05-00662,u0631,[ASR] 简洁版 😅,那个 别保存手机号 @@@,标记 needs_review,2026-06-05T19:02:00+08:00
C-D05-00663,u0726,嗯 简洁版！！！,呃 别保存手机号！！！,只保留本轮,2026/06/05 19:03:00
C-D05-00664,u0354,然后然后 ```允许	emoji``` @@@,[ASR]  别保存手机号（口述）,删除或脱敏,2026年06月05日 19:04
C-D05-00665,u0448,麻烦　保存手机号（口述）,"[ASR] 别保存手机号

<!--done-->……",只保留本轮,2026年06月05日 19:05
C-D05-00666,u0762,　简洁版 <!-- cached -->,呃 祥细版 [draft],覆盖旧记忆,2026/06/05 19:06:00
C-D05-00667,u0184,我想想 **保存手机号**,就是  别保存手机号……,覆盖旧记忆,2026/06/05 19:07
C-D05-00668,u0509,就是 保存手机号 #todo,其实 驱动管理器 ～,删除或脱敏,2026-06-05T19:08:00
C-D05-00669,u0039,其实 系统更新 ENDEND,就是  别保存手机号 <!-- cached -->,只保留本轮,2026年06月05日 19:09
C-D05-00670,u0043, 简洁版 #todo,稍等 详细版 ENDEND,只保留本轮,2026-06-05T19:10:00
C-D05-00671,u0226,我想想　系统更新,稍等 详细版……,标记 needs_review,2026年06月05日 19:11
C-D05-00672,u0132,嗯 简洁版（口述）,啊 禁用 emoji <!-- cached -->,覆盖旧记忆,2026-06-05 19:12:00
C-D05-00673,u0193,就是  允许 emoji ENDEND,help: 别保存手机号 ENDEND,只保留本轮,2026年06月05日 19:13
C-D05-00674,u0348,就是 系统更新……,嗯 禁用 emoji #todo,只保留本轮,2026-06-05T19:14:00
C-D05-00675,u0264,我想想　保存手机号 ～,其实  【别保存手机号】,只保留本轮,2026年06月05日 19:15
C-D05-00676,u0373,就是 保存手机号 ENDEND,　详细版,标记 needs_review,2026-06-05 19:16:00
C-D05-00677,u0443,那个 允许 emoji（口述）,啊 别保存手机号 @@@,标记 needs_review,2026年06月05日 19:17
C-D05-00678,u0348,稍等 保存手机号 [draft],[ASR] 别保存手机号,标记 needs_review,2026年06月05日 19:18
C-D05-00679,u0527,稍等  保存手机号！！！,麻烦 驱动管理器（口述）,只保留本轮,2026-06-05 19:19:00
C-D05-00680,u0195,我想想 保存手机号……,啊 别保存手机号 #todo,标记 needs_review,2026/06/05 19:20:00
C-D05-00681,u0047,"我想想 允许 emoji
cache=false #todo",稍等 驱动管理器 <!-- cached -->,标记 needs_review,2026-06-05T19:21:00
C-D05-00682,u0669,然后然后 保存手机号 [draft],呃 详细版 [draft],覆盖旧记忆,2026-06-05T19:22:00
C-D05-00683,u0495,help:  系统更新（口述）,嗯 驱动管理器 #todo,删除或脱敏,2026-06-05T19:23:00+08:00
C-D05-00684,u0633,稍等 系统更新 ENDEND,[ASR]  驱动管理器 ENDEND,删除或脱敏,2026年06月05日 19:24
C-D05-00685,u0174,"嗯 简洁版

<!--done--> 😅",啊 别保存手机号（口述）,删除或脱敏,
C-D05-00686,u0096,我想想 允许 emoji,[ASR]　禁用 emoji #todo,覆盖旧记忆,2026/06/05 19:26
C-D05-00687,u0508,稍等 简洁版……,稍等 驱动管理器 ENDEND,标记 needs_review,2026-06-05T19:27:00
C-D05-00688,u0538,我想想 系统更新 😅,[ASR] 禁用 emoji ENDEND,只保留本轮,2026-06-05 19:28:00
C-D05-00689,u0725,就是 <<<< 系统更新 >>>> 😅,我想想 驱动管理器 😅,标记 needs_review,2026/06/05 19:29
C-D05-00690,u0537,嗯 简洁版 <!-- cached -->,麻烦 驱动管理器 ～,覆盖旧记忆,2026/06/05 19:30:00
C-D05-00691,u0192,啊 允许 emoji,help: 别保存手机号 😅,只保留本轮,2026-06-05T19:31:00+08:00
C-D05-00692,u0599,其实  简洁版 ～,就是 禁用 emoji ENDEND,覆盖旧记忆,2026-06-05T19:32:00+08:00
C-D05-00693,u0589,我想想 保存手机号！！！,"我想想 详细版
cache=false ENDEND",只保留本轮,2026/06/05 19:33:00
C-D05-00694,u0733,"呃 允许 emoji
cache=false",那个 祥细版,覆盖旧记忆,2026-06-05 19:34:00
C-D05-00695,u0052,呃 系统更新！！！,其实 驱动管理器（口述）,只保留本轮,2026-06-05T19:35:00+08:00
C-D05-00696,u0666,我想想 允许 emoji #todo,呃 详细版！！！,删除或脱敏,2026-06-05T19:36:00+08:00
C-D05-00697,u0047,然后然后 简洁版 @@@,啊 驱动管理器 #todo,只保留本轮,2026-06-05T19:37:00
C-D05-00698,u0003,就是 保存手机号 @@@,嗯 <<<< 驱动管理器 >>>> [draft],覆盖旧记忆,2026-06-05T19:38:00
C-D05-00699,u0245,呃 系统更新 #todo,就是 祥细版 ～,只保留本轮,2026/06/05 19:39:00
C-D05-00700,u0425,呃 ```允许 emoji``` [draft],那个 详细版……,覆盖旧记忆,2026年06月05日 19:40
C-D05-00701,u0515,其实　<p>保存手机号</p> ENDEND,稍等 <p>禁用 emoji</p> [draft],覆盖旧记忆,2026-06-05T19:41:00
C-D05-00702,u0225,[ASR] 系统更新 😅,就是　别保存手机号 😅,只保留本轮,2026-06-05T19:42:00+08:00
C-D05-00703,u0144,啊 简洁版 ～,呃　别保存手机号,删除或脱敏,2026-06-05 19:43:00
C-D05-00704,u0457,help: 保存手机号 ENDEND,那个 禁用 emoji ENDEND,标记 needs_review,2026-06-05T19:44:00
C-D05-00705,u0048,麻烦 简洁版 ENDEND,我想想 驱动管理器 [draft],只保留本轮,2026-06-05T19:45:00+08:00
C-D05-00706,u0800,就是 允许 emoji！！！,就是 **禁用 emoji**！！！,覆盖旧记忆,2026-06-05T19:46:00+08:00
C-D05-00707,u0782,[ASR] 允许 emoji ENDEND,啊 【祥细版】,删除或脱敏,2026/06/05 19:47
C-D05-00708,u0518,help: 简洁版……,我想想 别保存手机号 ～,删除或脱敏,2026-06-05 19:48:00
C-D05-00709,u0080,我想想 <p>保存手机号</p> @@@,其实 别保存手机号,覆盖旧记忆,2026-06-05T19:49:00
C-D05-00710,u0620,help: 保存手机号 [draft],我想想 详细版 <!-- cached -->,覆盖旧记忆,2026-06-05T19:50:00
C-D05-00711,u0319,其实 允许 emoji <!-- cached -->,"稍等 禁用 emoji
stdout: OK……",标记 needs_review,2026/06/05 19:51
C-D05-00712,u0771,呃 允许 emoji……,嗯 祥细版 [draft],只保留本轮,2026/06/05 19:52:00
C-D05-00713,u0521,啊 允许 emoji！！！,啊 别保存手机号（口述）,标记 needs_review,2026/06/05 19:53
C-D05-00714,u0241,  系统更新（口述）,麻烦  别保存手机号 ～,只保留本轮,2026-06-05 19:54:00
C-D05-00715,u0378,那个 简洁版 ～,稍等 <p>别保存手机号</p> ～,覆盖旧记忆,2026-06-05T19:55:00
C-D05-00716,u0672,其实 系统更新 <!-- cached -->,稍等　详细版（口述）,只保留本轮,2026-06-05T19:56:00
C-D05-00717,u0215,我想想 系统更新 #todo,[ASR] 禁用 emoji ENDEND,标记 needs_review,2026年06月05日 19:57
C-D05-00718,u0093,那个 **允许 emoji** [draft],就是 详细版 @@@,删除或脱敏,2026-06-05 19:58:00
C-D05-00719,u0526,然后然后　<<<< 允许 emoji >>>> <!-- cached -->,help: 禁用 emoji @@@,标记 needs_review,2026/06/05 19:59
C-D05-00720,u0593,"help: 保存手机号

<!--done--> <!-- cached -->",呃 驱动管理器 #todo,删除或脱敏,2026-06-05 20:00:00
C-D05-00721,u0060,啊 允许 emoji #todo,麻烦 驱动管理器 ENDEND,删除或脱敏,
C-D05-00722,u0061,"我想想  保存手机号
cache=false 😅",那个 别保存手机号 @@@,覆盖旧记忆,2026-06-05T20:02:00
C-D05-00723,u0711,然后然后 允许 emoji ～,啊 详细版 [draft],标记 needs_review,2026/06/05 20:03:00
C-D05-00724,u0459,嗯  简洁版 ～,我想想 祥细版！！！,标记 needs_review,2026/06/05 20:04:00
C-D05-00725,u0775,我想想 **保存手机号** <!-- cached -->,就是 祥细版 [draft],覆盖旧记忆,2026年06月05日 20:05
C-D05-00726,u0122,help: <p>系统更新</p>（口述）,"然后然后 别保存手机号

<!--done--> ENDEND",删除或脱敏,2026/06/05 20:06
C-D05-00727,u0375, 简洁版,"然后然后 驱动管理器
cache=false #todo",标记 needs_review,2026/06/05 20:07:00
C-D05-00728,u0619, 系统更新 @@@,那个 别保存手机号,覆盖旧记忆,2026-06-05T20:08:00
C-D05-00729,u0253,麻烦 保存手机号 @@@,[ASR] <p>详细版</p> 😅,标记 needs_review,2026年06月05日 20:09
C-D05-00730,u0184,我想想 **简洁版** 😅,help: <<<< 禁用 emoji >>>> @@@,标记 needs_review,2026-06-05T20:10:00+08:00
C-D05-00731,u0088,其实 简洁版 <!-- cached -->,那个 驱动管理器……,删除或脱敏,2026-06-05 20:11:00
C-D05-00732,u0549, 简洁版, 驱动管理器……,标记 needs_review,2026/06/05 20:12
C-D05-00733,u0166, 系统更新 @@@,就是 别保存手机号 @@@,只保留本轮,2026-06-05T20:13:00
C-D05-00734,u0326,就是 保存手机号 @@@,稍等 禁用 emoji（口述）,只保留本轮,2026-06-05 20:14:00
C-D05-00735,u0646,稍等  系统更新,help:　别保存手机号 @@@,只保留本轮,2026年06月05日 20:15
C-D05-00736,u0352,help:　系统更新 <!-- cached -->,麻烦 详细版 [draft],覆盖旧记忆,2026/06/05 20:16
C-D05-00737,u0109,稍等 允许 emoji 😅,[ASR] 别保存手机号 ENDEND,覆盖旧记忆,2026/06/05 20:17:00
C-D05-00738,u0059,"麻烦 <p>简洁版</p>
cache=false ～","然后然后  别保存手机号

<!--done-->！！！",删除或脱敏,2026/06/05 20:18:00
C-D05-00739,u0410,help: 【允许 emoji】……,其实 ```别保存手机号``` ENDEND,删除或脱敏,2026/06/05 20:19
C-D05-00740,u0087,我想想 允许 emoji（口述）,其实 驱动管理器（口述）,只保留本轮,2026-06-05T20:20:00+08:00
C-D05-00741,u0131,呃 简洁版 <!-- cached -->,稍等 驱动管理器,只保留本轮,2026/06/05 20:21
C-D05-00742,u0164,嗯 **保存手机号** #todo,嗯 详细版！！！,删除或脱敏,2026-06-05 20:22:00
C-D05-00743,u0529,稍等 简洁版……,[ASR] 别保存手机号！！！,标记 needs_review,2026-06-05T20:23:00+08:00
C-D05-00744,u0792,其实　系统更新 @@@,嗯　别保存手机号 @@@,覆盖旧记忆,2026-06-05T20:24:00+08:00
C-D05-00745,u0530,我想想 系统更新 @@@,啊 禁用 emoji #todo,覆盖旧记忆,2026-06-05 20:25:00
C-D05-00746,u0040, 简洁版！！！,help: 驱动管理器 [draft],标记 needs_review,2026-06-05 20:26:00
C-D05-00747,u0131,[ASR] 允许 emoji ～,其实  别保存手机号 ～,只保留本轮,2026-06-05 20:27:00
C-D05-00748,u0430,呃 <p>保存手机号</p>！！！,麻烦 禁用 emoji <!-- cached -->,标记 needs_review,2026年06月05日 20:28
C-D05-00749,u0554,嗯 允许 emoji……,我想想 祥细版……,覆盖旧记忆,2026-06-05T20:29:00+08:00
C-D05-00750,u0765,我想想 <<<< 允许 emoji >>>> [draft],那个 禁用　emoji（口述）,删除或脱敏,2026/06/05 20:30
C-D05-00751,u0076,help: 简洁版 [draft], 别保存手机号 ～,删除或脱敏,2026/06/05 20:31
C-D05-00752,u0442,help: 系统更新 @@@,嗯  **别保存手机号** @@@,只保留本轮,2026/06/05 20:32:00
C-D05-00753,u0121,麻烦  保存手机号 @@@,help: 别保存手机号 ENDEND,只保留本轮,2026年06月05日 20:33
C-D05-00754,u0229,[ASR]　【保存手机号】 😅,那个  驱动管理器 😅,覆盖旧记忆,2026/06/05 20:34:00
C-D05-00755,u0477,稍等 允许 emoji 😅,[ASR] 驱动管理器,删除或脱敏,2026-06-05T20:35:00+08:00
C-D05-00756,u0797,然后然后 简洁版 <!-- cached -->,就是 别保存手机号 😅,标记 needs_review,2026-06-05T20:36:00
C-D05-00757,u0782,呃　允许 emoji ENDEND,"我想想 <<<< 禁用 emoji >>>>

<!--done--> ～",只保留本轮,2026/06/05 20:37
C-D05-00758,u0155,[ASR] 允许  emoji……,"呃　驱动管理器

<!--done--> <!-- cached -->",删除或脱敏,2026-06-05T20:38:00+08:00
C-D05-00759,u0051,呃 系统更新 @@@,其实 禁用 emoji [draft],覆盖旧记忆,2026-06-05 20:39:00
C-D05-00760,u0604,啊 系统更新 ～,其实 别保存手机号 @@@,标记 needs_review,2026-06-05T20:40:00+08:00
C-D05-00761,u0549,稍等 保存手机号 <!-- cached -->,稍等　驱动管理器……,标记 needs_review,2026/06/05 20:41
C-D05-00762,u0210,然后然后 简洁版！！！,help: **驱动管理器**！！！,标记 needs_review,2026-06-05T20:42:00+08:00
C-D05-00763,u0498,[ASR] 允许 emoji……,那个 详细版 <!-- cached -->,覆盖旧记忆,2026-06-05T20:43:00+08:00
C-D05-00764,u0679,稍等 允许 emoji [draft],那个 驱动管理器,删除或脱敏,
C-D05-00765,u0296,"嗯 简洁版

<!--done--> <!-- cached -->",就是 别保存手机号 @@@,覆盖旧记忆,2026-06-05 20:45:00
C-D05-00766,u0242,其实 系统更新 #todo,麻烦 **别保存手机号** 😅,覆盖旧记忆,2026/06/05 20:46
C-D05-00767,u0077,呃 允许 emoji ～,help: 禁用  emoji……,删除或脱敏,2026-06-05 20:47:00
C-D05-00768,u0285,就是 <p>简洁版</p> <!-- cached -->,稍等 别保存手机号（口述）,删除或脱敏,2026/06/05 20:48
C-D05-00769,u0146,其实 保存手机号（口述）,[ASR] 祥细版！！！,只保留本轮,2026/06/05 20:49
C-D05-00770,u0253,那个 保存手机号 😅,"啊 禁用 emoji

<!--done--> #todo",删除或脱敏,2026-06-05T20:50:00+08:00
C-D05-00771,u0425,嗯 ```系统更新``` ENDEND,其实  驱动管理器！！！,删除或脱敏,2026/06/05 20:51
C-D05-00772,u0764,然后然后 系统更新 ENDEND,就是 详细版 <!-- cached -->,标记 needs_review,2026-06-05T20:52:00
C-D05-00773,u0234,啊  简洁版 ～,help:  别保存手机号,覆盖旧记忆,2026-06-05T20:53:00+08:00
C-D05-00774,u0445,那个 系统更新 #todo, 详细版 😅,标记 needs_review,2026/06/05 20:54
C-D05-00775,u0576,麻烦 保存手机号 @@@,help: 别保存手机号 [draft],删除或脱敏,2026-06-05 20:55:00
C-D05-00776,u0685, <<<< 保存手机号 >>>> #todo,help: 别保存手机号（口述）,删除或脱敏,2026-06-05T20:56:00
C-D05-00777,u0029,[ASR] 允许 emoji [draft],啊 ```禁用 emoji```（口述）,覆盖旧记忆,2026-06-05T20:57:00
C-D05-00778,u0448, 保存手机号！！！,麻烦 别保存手机号,覆盖旧记忆,2026-06-05T20:58:00+08:00
C-D05-00779,u0656,稍等  <p>允许 emoji</p> [draft],就是 别保存手机号 <!-- cached -->,只保留本轮,2026-06-05T20:59:00+08:00
C-D05-00780,u0558,"然后然后 系统更新
cache=false #todo",我想想 驱动管理器,标记 needs_review,2026年06月05日 21:00
C-D05-00781,u0119,我想想 简洁版……,然后然后 禁用 emoji！！！,覆盖旧记忆,2026-06-05T21:01:00+08:00
C-D05-00782,u0560,就是 简洁版 <!-- cached -->,然后然后 驱动管理器（口述）,删除或脱敏,2026/06/05 21:02:00
C-D05-00783,u0268,其实 系统更新 [draft],然后然后 驱动管理器 <!-- cached -->,删除或脱敏,2026/06/05 21:03:00
C-D05-00784,u0019,"稍等 系统更新

<!--done--> 😅",我想想 <<<<  别保存手机号  >>>> <!-- cached -->,只保留本轮,2026-06-05T21:04:00
C-D05-00785,u0777,那个 简洁版 #todo,嗯 ```禁用 emoji``` ～,删除或脱敏,2026-06-05T21:05:00
C-D05-00786,u0546, 系统更新！！！,"就是 【驱动管理器】
stdout: OK！！！",覆盖旧记忆,2026年06月05日 21:06
C-D05-00787,u0426,[ASR] 保存手机号 😅, 别保存手机号,标记 needs_review,2026/06/05 21:07
C-D05-00788,u0379,其实　系统更新 <!-- cached -->,那个　<<<< 禁用 emoji >>>>！！！,只保留本轮,2026/06/05 21:08:00
C-D05-00789,u0371,help: 系统更新 <!-- cached -->,其实 祥细版,覆盖旧记忆,2026/06/05 21:09:00
C-D05-00790,u0447,"稍等  系统更新

<!--done--> ENDEND",help: 禁用 emoji！！！,覆盖旧记忆,2026/06/05 21:10
C-D05-00791,u0139,麻烦 简洁版 <!-- cached -->, 详细版 [draft],覆盖旧记忆,2026-06-05T21:11:00
C-D05-00792,u0173,稍等 **保存手机号** [draft],呃 禁用 emoji @@@,标记 needs_review,2026-06-05T21:12:00+08:00
C-D05-00793,u0676,稍等 系统更新 ENDEND,麻烦 驱动管理器 ～,覆盖旧记忆,2026-06-05T21:13:00+08:00
C-D05-00794,u0476,嗯 简洁版 [draft],呃 详细版 ENDEND,覆盖旧记忆,2026-06-05 21:14:00
C-D05-00795,u0748,嗯  系统更新 [draft],然后然后 详细版 @@@,标记 needs_review,2026-06-05T21:15:00+08:00
C-D05-00796,u0435,稍等 简洁版 ENDEND,啊 详细版 @@@,标记 needs_review,2026年06月05日 21:16
C-D05-00797,u0751,然后然后 保存手机号 #todo,就是 驱动管理器！！！,删除或脱敏,2026-06-05 21:17:00
C-D05-00798,u0283,嗯 ```保存手机号``` [draft],我想想 别保存手机号……,删除或脱敏,2026-06-05 21:18:00
C-D05-00799,u0527,嗯 系统更新……,其实 别保存手机号 #todo,标记 needs_review,2026年06月05日 21:19
C-D05-00800,u0176,然后然后　简洁版 #todo,啊 禁用 emoji ENDEND,覆盖旧记忆,2026-06-05 21:20:00
C-D05-00801,u0456,我想想　允许 emoji 😅,"就是  祥细版

<!--done--> 😅",删除或脱敏,2026-06-05T21:21:00+08:00
C-D05-00802,u0768,就是 简洁版 ～,嗯 驱动管理器 😅,删除或脱敏,
C-D05-00803,u0193,"我想想　允许  emoji
cache=false <!-- cached -->",就是  【别保存手机号】（口述）,只保留本轮,2026-06-05 21:23:00
C-D05-00804,u0180,嗯 系统更新 #todo,啊 禁用 emoji！！！,标记 needs_review,2026-06-05T21:24:00+08:00
C-D05-00805,u0420,"就是 简洁版
stdout: OK @@@",help: 禁用 emoji [draft],只保留本轮,2026/06/05 21:25
C-D05-00806,u0503,其实 <p>系统更新</p> ～,然后然后 别保存手机号（口述）,标记 needs_review,2026-06-05T21:26:00
C-D05-00807,u0194,嗯 保存手机号 ～,help:  详细版 #todo,只保留本轮,2026-06-05T21:27:00+08:00
C-D05-00808,u0601,稍等 允许　emoji 😅,嗯 驱动管理器 ENDEND,标记 needs_review,2026/06/05 21:28:00
C-D05-00809,u0400,其实 <p>系统更新</p>,"我想想 别保存手机号
stdout: OK 😅",删除或脱敏,2026-06-05T21:29:00+08:00
C-D05-00810,u0233,呃 允许	emoji（口述）,就是 驱动管理器 ～,标记 needs_review,2026/06/05 21:30:00
C-D05-00811,u0102,其实 保存手机号（口述）,呃 禁用 emoji <!-- cached -->,覆盖旧记忆,
C-D05-00812,u0359,"  保存手机号
cache=false #todo",[ASR]　驱动管理器 [draft],只保留本轮,2026/06/05 21:32:00
C-D05-00813,u0714,然后然后 允许 emoji ～,那个 别保存手机号 #todo,覆盖旧记忆,2026-06-05T21:33:00+08:00
C-D05-00814,u0501,那个 允许 emoji 😅,然后然后  禁用  emoji（口述）,删除或脱敏,2026年06月05日 21:34
C-D05-00815,u0026,然后然后 保存手机号（口述）,呃 <p>详细版</p>（口述）,删除或脱敏,2026年06月05日 21:35
C-D05-00816,u0662,就是 简洁版……,那个 别保存手机号 ～,删除或脱敏,2026-06-05T21:36:00
C-D05-00817,u0533,其实 系统更新 #todo,麻烦 驱动管理器 😅,标记 needs_review,2026-06-05T21:37:00+08:00
C-D05-00818,u0549,麻烦 系统更新（口述）,然后然后 禁用 emoji！！！,覆盖旧记忆,2026/06/05 21:38:00
C-D05-00819,u0154,[ASR]　简洁版 [draft],呃 别保存手机号……,只保留本轮,2026-06-05T21:39:00+08:00
C-D05-00820,u0763, 系统更新 ～,啊 驱动管理器！！！,删除或脱敏,2026/06/05 21:40
C-D05-00821,u0472,我想想 <<<< 简洁版 >>>>……,嗯 禁用 emoji！！！,标记 needs_review,2026年06月05日 21:41
C-D05-00822,u0795, 简洁版,我想想 驱动管理器 [draft],删除或脱敏,2026/06/05 21:42:00
C-D05-00823,u0751,呃 允许 emoji @@@,[ASR] 驱动管理器 [draft],标记 needs_review,2026-06-05T21:43:00
C-D05-00824,u0415,"呃 **简洁版**
cache=false（口述）",我想想 别保存手机号（口述）,删除或脱敏,2026/06/05 21:44:00
C-D05-00825,u0524, 允许	emoji ～,"然后然后 驱动管理器
stdout: OK 😅",只保留本轮,2026/06/05 21:45
C-D05-00826,u0538,麻烦　系统更新 ENDEND,呃 祥细版 ENDEND,只保留本轮,2026/06/05 21:46:00
C-D05-00827,u0001,那个 系统更新 @@@, 祥细版 #todo,删除或脱敏,2026/06/05 21:47
C-D05-00828,u0359,嗯 系统更新（口述）,其实 禁用 emoji @@@,删除或脱敏,2026-06-05T21:48:00+08:00
C-D05-00829,u0121, 简洁版 [draft],啊　驱动管理器 ENDEND,只保留本轮,2026-06-05T21:49:00
C-D05-00830,u0400,就是 保存手机号 #todo,"[ASR] 驱动管理器
stdout: OK #todo",覆盖旧记忆,2026-06-05T21:50:00
C-D05-00831,u0057,呃 简洁版 @@@,其实　详细版（口述）,标记 needs_review,2026-06-05T21:51:00
C-D05-00832,u0733,help: 系统更新 @@@,嗯  详细版（口述）,标记 needs_review,2026/06/05 21:52:00
C-D05-00833,u0465,"那个 简洁版
cache=false <!-- cached -->",其实 驱动管理器 @@@,删除或脱敏,2026/06/05 21:53
C-D05-00834,u0688,呃 ```系统更新``` @@@,其实 驱动管理器 ～,标记 needs_review,2026/06/05 21:54
C-D05-00835,u0093,就是 允许 emoji！！！,然后然后 别保存手机号 😅,标记 needs_review,2026/06/05 21:55
C-D05-00836,u0064,然后然后 允许 emoji ENDEND,然后然后 驱动管理器……,删除或脱敏,2026-06-05 21:56:00
C-D05-00837,u0512,啊 系统更新 [draft],然后然后 驱动管理器 <!-- cached -->,删除或脱敏,2026-06-05T21:57:00+08:00
C-D05-00838,u0037,那个 系统更新！！！,那个 禁用　emoji #todo,覆盖旧记忆,2026/06/05 21:58
C-D05-00839,u0705,我想想 保存手机号！！！,啊 别保存手机号,覆盖旧记忆,2026-06-05T21:59:00+08:00
C-D05-00840,u0620,"help: 保存手机号
cache=false [draft]",我想想 禁用 emoji！！！,删除或脱敏,2026/06/05 22:00
C-D05-00841,u0153,稍等 简洁版 @@@,其实 别保存手机号 @@@,只保留本轮,2026-06-05T22:01:00
C-D05-00842,u0781,麻烦 保存手机号 <!-- cached -->,嗯 ```详细版``` [draft],只保留本轮,2026-06-05 22:02:00
C-D05-00843,u0201,help: 保存手机号 ENDEND, 驱动管理器,删除或脱敏,2026/06/05 22:03
C-D05-00844,u0409,那个  保存手机号 ～,help: <<<<　驱动管理器　>>>>！！！,删除或脱敏,2026/06/05 22:04:00
C-D05-00845,u0676,然后然后 简洁版……,啊  禁用 emoji #todo,覆盖旧记忆,2026-06-05T22:05:00+08:00
C-D05-00846,u0782,[ASR]　保存手机号 ～,麻烦 驱动管理器 ～,只保留本轮,2026-06-05T22:06:00+08:00
C-D05-00847,u0137,那个 保存手机号 #todo,呃 禁用 emoji [draft],只保留本轮,2026-06-05T22:07:00
C-D05-00848,u0680,稍等 系统更新,那个 【禁用 emoji】 [draft],覆盖旧记忆,2026/06/05 22:08:00
C-D05-00849,u0154,呃 系统更新 @@@,麻烦 别保存手机号 [draft],标记 needs_review,2026-06-05T22:09:00
C-D05-00850,u0294,那个 简洁版！！！,其实　详细版 #todo,覆盖旧记忆,2026-06-05 22:10:00
C-D05-00851,u0223,然后然后 简洁版 @@@,就是 别保存手机号 @@@,标记 needs_review,2026-06-05T22:11:00+08:00
C-D05-00852,u0152,嗯 允许 emoji！！！,麻烦　【驱动管理器】！！！,只保留本轮,2026年06月05日 22:12
C-D05-00853,u0576,那个  ```系统更新```（口述）,"就是 驱动管理器
cache=false 😅",标记 needs_review,2026-06-05T22:13:00
C-D05-00854,u0230,help: 简洁版 <!-- cached -->,help:  别保存手机号 😅,覆盖旧记忆,2026/06/05 22:14
C-D05-00855,u0564,[ASR] 系统更新 😅,我想想 祥细版……,标记 needs_review,2026/06/05 22:15
C-D05-00856,u0315,然后然后 系统更新（口述）,"然后然后 禁用 emoji
cache=false [draft]",覆盖旧记忆,2026/06/05 22:16
C-D05-00857,u0123,其实　简洁版 ～,[ASR] 驱动管理器 ～,只保留本轮,2026-06-05T22:17:00
C-D05-00858,u0258,呃  允许　emoji #todo, 禁用　emoji！！！,覆盖旧记忆,2026-06-05T22:18:00
C-D05-00859,u0424,我想想 允许　emoji #todo,嗯 别保存手机号 ～,删除或脱敏,2026/06/05 22:19:00
C-D05-00860,u0639,呃 保存手机号 [draft],help: 别保存手机号 😅,只保留本轮,2026年06月05日 22:20
C-D05-00861,u0238,麻烦 简洁版（口述）,啊 别保存手机号 [draft],删除或脱敏,2026/06/05 22:21
C-D05-00862,u0488,呃 系统更新 ENDEND,麻烦 驱动管理器 ENDEND,标记 needs_review,2026-06-05T22:22:00+08:00
C-D05-00863,u0699,呃　保存手机号,啊 <<<< 别保存手机号 >>>>（口述）,标记 needs_review,2026-06-05 22:23:00
C-D05-00864,u0423,麻烦 保存手机号（口述）,help: **别保存手机号**！！！,覆盖旧记忆,2026-06-05T22:24:00+08:00
C-D05-00865,u0098,然后然后 简洁版 ENDEND,麻烦 驱动管理器 😅,覆盖旧记忆,2026/06/05 22:25
C-D05-00866,u0202,麻烦　保存手机号,其实 ```禁用 emoji```,删除或脱敏,2026/06/05 22:26
C-D05-00867,u0009,"呃 保存手机号

<!--done-->",那个 ```详细版``` ENDEND,只保留本轮,2026-06-05T22:27:00
C-D05-00868,u0326,help:  简洁版,那个 详细版,标记 needs_review,2026-06-05T22:28:00
C-D05-00869,u0022,其实 允许 emoji,稍等 别保存手机号 <!-- cached -->,标记 needs_review,2026/06/05 22:29:00
C-D05-00870,u0680,就是 保存手机号 #todo,然后然后  禁用 emoji,删除或脱敏,2026/06/05 22:30:00
C-D05-00871,u0516,我想想 保存手机号 @@@,我想想 别保存手机号 <!-- cached -->,标记 needs_review,2026-06-05T22:31:00
C-D05-00872,u0377,稍等 系统更新 ～, <<<<	别保存手机号	>>>> 😅,覆盖旧记忆,2026/06/05 22:32
C-D05-00873,u0691,其实  允许 emoji……,我想想 禁用 emoji,删除或脱敏,2026/06/05 22:33
C-D05-00874,u0539,help: 系统更新 ENDEND,麻烦 禁用 emoji [draft],只保留本轮,2026/06/05 22:34:00
C-D05-00875,u0079,其实 简洁版 ～, 驱动管理器 ～,只保留本轮,2026-06-05 22:35:00
C-D05-00876,u0313,我想想 系统更新（口述）,"那个 祥细版

<!--done--> #todo",只保留本轮,2026年06月05日 22:36
C-D05-00877,u0153,help: 简洁版,呃　详细版（口述）,标记 needs_review,2026-06-05T22:37:00+08:00
C-D05-00878,u0102,啊 允许 emoji！！！,　驱动管理器 @@@,只保留本轮,2026-06-05 22:38:00
C-D05-00879,u0419,嗯  简洁版 😅,呃  驱动管理器 #todo,覆盖旧记忆,2026/06/05 22:39:00
C-D05-00880,u0737,然后然后 <p>系统更新</p> 😅,我想想 <<<< 驱动管理器 >>>> [draft],删除或脱敏,2026-06-05T22:40:00
C-D05-00881,u0068,嗯 系统更新（口述）,help: 详细版 [draft],删除或脱敏,2026/06/05 22:41:00
C-D05-00882,u0568,help:　简洁版 #todo,help: 驱动管理器（口述）,覆盖旧记忆,2026/06/05 22:42
C-D05-00883,u0448,然后然后 允许 emoji！！！,其实 详细版,标记 needs_review,2026年06月05日 22:43
C-D05-00884,u0012,啊 简洁版 ENDEND,那个  禁用 emoji [draft],删除或脱敏,2026年06月05日 22:44
C-D05-00885,u0568, 允许 emoji #todo,麻烦　别保存手机号……,标记 needs_review,2026-06-05 22:45:00
C-D05-00886,u0437,　保存手机号（口述）,啊 别保存手机号,删除或脱敏,2026-06-05T22:46:00+08:00
C-D05-00887,u0513,其实 允许 emoji（口述）,[ASR] 别保存手机号 @@@,覆盖旧记忆,2026/06/05 22:47:00
C-D05-00888,u0355,嗯 简洁版, 驱动管理器 @@@,只保留本轮,2026/06/05 22:48:00
C-D05-00889,u0406,[ASR] 允许	emoji（口述）,help: 别保存手机号 [draft],标记 needs_review,2026/06/05 22:49:00
C-D05-00890,u0115,[ASR] 简洁版！！！,嗯 【详细版】,只保留本轮,2026-06-05 22:50:00
C-D05-00891,u0397,稍等 **允许　emoji** 😅,其实 <<<<　详细版　>>>>（口述）,标记 needs_review,2026年06月05日 22:51
C-D05-00892,u0773,"稍等 允许 emoji

<!--done--> ENDEND",然后然后 详细版 [draft],覆盖旧记忆,2026-06-05T22:52:00
C-D05-00893,u0101,"那个 允许 emoji
cache=false 😅",啊  别保存手机号 [draft],覆盖旧记忆,2026-06-05T22:53:00
C-D05-00894,u0662,就是　保存手机号 #todo,"其实 禁用 emoji

<!--done--> ENDEND",只保留本轮,2026年06月05日 22:54
C-D05-00895,u0130,help: 允许 emoji <!-- cached -->,那个　驱动管理器！！！,只保留本轮,2026年06月05日 22:55
C-D05-00896,u0249,help:　<<<<  允许  emoji  >>>>,那个 <<<< 禁用 emoji >>>> [draft],删除或脱敏,2026/06/05 22:56
C-D05-00897,u0162,然后然后 简洁版 😅,其实　驱动管理器 [draft],只保留本轮,2026/06/05 22:57:00
C-D05-00898,u0525,啊 简洁版 ENDEND,呃 禁用 emoji @@@,标记 needs_review,2026-06-05 22:58:00
C-D05-00899,u0517,[ASR] 保存手机号……,嗯 禁用 emoji！！！,只保留本轮,2026-06-05T22:59:00
C-D05-00900,u0585,嗯 保存手机号 ENDEND, <<<< 别保存手机号 >>>> @@@,标记 needs_review,2026-06-05T23:00:00+08:00
C-D05-00901,u0471,嗯　允许 emoji！！！,麻烦 详细版！！！,标记 needs_review,2026年06月05日 23:01
C-D05-00902,u0143,"就是 允许 emoji

<!--done-->",我想想　别保存手机号 ～,标记 needs_review,2026-06-05T23:02:00+08:00
C-D05-00903,u0212,help: 保存手机号！！！,嗯　驱动管理器,删除或脱敏,2026-06-05 23:03:00
C-D05-00904,u0047,呃 允许 emoji（口述）,[ASR] 详细版 😅,覆盖旧记忆,2026年06月05日 23:04
C-D05-00905,u0176,其实 【保存手机号】,那个 祥细版 ～,覆盖旧记忆,2026-06-05T23:05:00
C-D05-00906,u0048,help: 简洁版 #todo,然后然后 【别保存手机号】 [draft],标记 needs_review,2026/06/05 23:06:00
C-D05-00907,u0694,稍等 保存手机号……,那个 禁用 emoji ～,删除或脱敏,2026-06-05T23:07:00
C-D05-00908,u0574,就是  允许 emoji [draft],[ASR] 禁用 emoji [draft],标记 needs_review,2026-06-05T23:08:00+08:00
C-D05-00909,u0188,"然后然后 简洁版

<!--done-->",呃 【详细版】,覆盖旧记忆,2026-06-05T23:09:00+08:00
C-D05-00910,u0668,麻烦 简洁版 @@@,"就是 **祥细版**

<!--done--> @@@",只保留本轮,2026/06/05 23:10
C-D05-00911,u0049,"我想想　允许 emoji

<!--done-->……",稍等  禁用	emoji 😅,标记 needs_review,2026-06-05T23:11:00
C-D05-00912,u0675,其实 系统更新 <!-- cached -->,嗯 驱动管理器,标记 needs_review,2026-06-05 23:12:00
C-D05-00913,u0540,就是 保存手机号 😅,其实 禁用 emoji ENDEND,标记 needs_review,2026-06-05T23:13:00+08:00
C-D05-00914,u0311, 系统更新 @@@,help: 详细版 [draft],覆盖旧记忆,2026-06-05 23:14:00
C-D05-00915,u0467,我想想 允许 emoji 😅,我想想  禁用 emoji,删除或脱敏,2026年06月05日 23:15
C-D05-00916,u0168,然后然后 保存手机号！！！,嗯 详细版 <!-- cached -->,标记 needs_review,2026/06/05 23:16:00
C-D05-00917,u0576,然后然后 保存手机号 <!-- cached -->,我想想 禁用 emoji #todo,只保留本轮,2026/06/05 23:17:00
C-D05-00918,u0745,呃 简洁版 ～,"然后然后 禁用 emoji

<!--done--> [draft]",只保留本轮,2026/06/05 23:18:00
C-D05-00919,u0295,那个 允许 emoji #todo,那个  别保存手机号 #todo,覆盖旧记忆,2026-06-05T23:19:00+08:00
C-D05-00920,u0518,那个 系统更新 <!-- cached -->,"[ASR] **禁用 emoji**
cache=false ENDEND",覆盖旧记忆,2026-06-05 23:20:00
C-D05-00921,u0326,我想想 允许 emoji ～,嗯 **别保存手机号**……,只保留本轮,2026年06月05日 23:21
C-D05-00922,u0168,其实 保存手机号 ENDEND,稍等 别保存手机号 😅,标记 needs_review,2026/06/05 23:22
C-D05-00923,u0523,[ASR] 简洁版 ～,呃 禁用 emoji,只保留本轮,2026/06/05 23:23
C-D05-00924,u0035,[ASR] 保存手机号 <!-- cached -->,稍等 禁用 emoji……,标记 needs_review,2026年06月05日 23:24
C-D05-00925,u0566,啊 保存手机号 <!-- cached -->,然后然后 祥细版！！！,删除或脱敏,2026年06月05日 23:25
C-D05-00926,u0265,嗯　简洁版（口述）,麻烦 **驱动管理器**（口述）,删除或脱敏,2026-06-05 23:26:00
C-D05-00927,u0473,那个 保存手机号 @@@,呃 禁用 emoji,只保留本轮,2026-06-05T23:27:00+08:00
C-D05-00928,u0195,就是 保存手机号……,我想想 详细版 ～,覆盖旧记忆,2026/06/05 23:28
C-D05-00929,u0306,就是  简洁版！！！,我想想 祥细版 ～,只保留本轮,2026/06/05 23:29
C-D05-00930,u0190,啊 **简洁版**……,呃 祥细版 @@@,删除或脱敏,2026年06月05日 23:30
C-D05-00931,u0117,"呃 允许 emoji
stdout: OK @@@",麻烦 ```别保存手机号``` #todo,覆盖旧记忆,2026-06-05T23:31:00+08:00
C-D05-00932,u0632,麻烦  保存手机号 <!-- cached -->,然后然后  详细版（口述）,删除或脱敏,2026/06/05 23:32:00
C-D05-00933,u0403,其实 系统更新 <!-- cached -->,稍等  【禁用 emoji】（口述）,覆盖旧记忆,2026/06/05 23:33:00
C-D05-00934,u0775,啊 简洁版（口述）,嗯 **详细版** #todo,删除或脱敏,2026/06/05 23:34
C-D05-00935,u0360,其实 保存手机号 #todo,其实 别保存手机号 😅,标记 needs_review,2026/06/05 23:35:00
C-D05-00936,u0735,嗯 系统更新 😅,我想想 禁用 emoji 😅,覆盖旧记忆,2026-06-05 23:36:00
C-D05-00937,u0393,就是 保存手机号！！！,嗯 驱动管理器（口述）,覆盖旧记忆,2026-06-05 23:37:00
C-D05-00938,u0602,就是 简洁版 [draft],那个 驱动管理器（口述）,覆盖旧记忆,2026-06-05T23:38:00
C-D05-00939,u0541,那个 【简洁版】 #todo,我想想 驱动管理器……,覆盖旧记忆,2026-06-05T23:39:00+08:00
C-D05-00940,u0583,help:  **保存手机号**！！！,就是 禁用 emoji（口述）,删除或脱敏,2026年06月05日 23:40
C-D05-00941,u0256,嗯 保存手机号 @@@,那个 ```别保存手机号``` [draft],标记 needs_review,2026/06/05 23:41:00
C-D05-00942,u0680,啊  允许 emoji ENDEND,"[ASR] 禁用 emoji
cache=false <!-- cached -->",标记 needs_review,2026-06-05T23:42:00+08:00
C-D05-00943,u0021,其实　保存手机号 ～,"那个　**禁用 emoji**
cache=false ～",删除或脱敏,2026/06/05 23:43
C-D05-00944,u0086,然后然后 允许 emoji ～,麻烦　别保存手机号 ～,标记 needs_review,2026年06月05日 23:44
C-D05-00945,u0687,"help: 保存手机号
cache=false @@@",呃 驱动管理器（口述）,覆盖旧记忆,2026-06-05T23:45:00
C-D05-00946,u0092,其实 允许 emoji ENDEND,我想想 ```别保存手机号``` ～,只保留本轮,2026/06/05 23:46
C-D05-00947,u0779,其实 允许 emoji 😅,help: 别保存手机号 😅,删除或脱敏,2026-06-05 23:47:00
C-D05-00948,u0683,稍等 允许 emoji @@@,然后然后 <<<<　禁用　emoji　>>>>！！！,删除或脱敏,2026年06月05日 23:48
C-D05-00949,u0222,就是  简洁版 😅,help: 禁用　emoji #todo,删除或脱敏,2026-06-05T23:49:00+08:00
C-D05-00950,u0661,麻烦　简洁版 ～,稍等 禁用 emoji [draft],覆盖旧记忆,2026-06-05T23:50:00+08:00
C-D05-00951,u0548,啊 保存手机号……,然后然后 详细版……,覆盖旧记忆,2026年06月05日 23:51
C-D05-00952,u0561,我想想 简洁版 #todo,　禁用 emoji……,只保留本轮,2026/06/05 23:52:00
C-D05-00953,u0066,就是  保存手机号," **别保存手机号**
stdout: OK ～",删除或脱敏,2026-06-05 23:53:00
C-D05-00954,u0730,然后然后  简洁版 ENDEND,稍等 驱动管理器 ～,只保留本轮,2026-06-05 23:54:00
C-D05-00955,u0249,就是 允许 emoji @@@, 别保存手机号 ENDEND,标记 needs_review,2026/06/05 23:55:00
C-D05-00956,u0524,啊 系统更新……,就是  **禁用 emoji** ～,只保留本轮,2026年06月05日 23:56
C-D05-00957,u0554,那个 简洁版 ENDEND,嗯 禁用　emoji（口述）,只保留本轮,2026/06/05 23:57:00
C-D05-00958,u0125,嗯　<p>系统更新</p>……,[ASR] 驱动管理器 😅,删除或脱敏,2026-06-05T23:58:00
C-D05-00959,u0034,呃 简洁版……,我想想 禁用 emoji <!-- cached -->,覆盖旧记忆,2026-06-05 23:59:00
C-D05-00960,u0089,麻烦 允许 emoji（口述）,其实 驱动管理器……,标记 needs_review,2026/06/06 00:00:00
C-D05-00961,u0438,"[ASR] 系统更新

<!--done-->！！！","啊 别保存手机号
cache=false #todo",只保留本轮,2026/06/06 00:01:00
C-D05-00962,u0115,稍等 允许 emoji 😅,就是 别保存手机号（口述）,覆盖旧记忆,2026/06/06 00:02:00
C-D05-00963,u0345,[ASR]  保存手机号 ENDEND,"[ASR] 驱动管理器
stdout: OK……",只保留本轮,2026-06-06T00:03:00+08:00
C-D05-00964,u0346,啊 系统更新,那个 驱动管理器,删除或脱敏,2026-06-06T00:04:00
C-D05-00965,u0341,那个  简洁版……,"呃 禁用 emoji
cache=false [draft]",覆盖旧记忆,2026-06-06 00:05:00
C-D05-00966,u0281,然后然后 系统更新 😅,呃 <<<< 驱动管理器 >>>>（口述）,覆盖旧记忆,2026年06月06日 00:06
C-D05-00967,u0185,[ASR] 允许 emoji ENDEND,那个 详细版 😅,删除或脱敏,
C-D05-00968,u0614,那个 允许 emoji 😅,其实 禁用 emoji 😅,标记 needs_review,2026年06月06日 00:08
C-D05-00969,u0752,嗯　允许 emoji 😅,麻烦 详细版！！！,删除或脱敏,2026/06/06 00:09
C-D05-00970,u0327,就是  保存手机号（口述）,[ASR]　别保存手机号（口述）,删除或脱敏,2026-06-06T00:10:00
C-D05-00971,u0415,help: 允许 emoji ENDEND,那个 禁用	emoji ～,只保留本轮,2026/06/06 00:11:00
C-D05-00972,u0028,"help: <<<< 保存手机号 >>>>
stdout: OK ENDEND",麻烦  驱动管理器 [draft],删除或脱敏,2026/06/06 00:12
C-D05-00973,u0428, 允许 emoji！！！,麻烦  禁用 emoji（口述）,覆盖旧记忆,2026年06月06日 00:13
C-D05-00974,u0324,"[ASR]　简洁版
cache=false ～",嗯　禁用	emoji @@@,覆盖旧记忆,2026/06/06 00:14
C-D05-00975,u0283,嗯　**允许 emoji** 😅,麻烦　祥细版！！！,标记 needs_review,2026-06-06T00:15:00+08:00
C-D05-00976,u0643,其实 **保存手机号** #todo,那个 <<<< 禁用 emoji >>>>,覆盖旧记忆,2026/06/06 00:16
C-D05-00977,u0087,其实 简洁版 ～,其实 别保存手机号！！！,标记 needs_review,2026-06-06 00:17:00
C-D05-00978,u0630,稍等 ```简洁版``` 😅,就是 详细版,删除或脱敏,2026年06月06日 00:18
C-D05-00979,u0349,嗯　系统更新 <!-- cached -->,稍等 禁用  emoji <!-- cached -->,标记 needs_review,2026-06-06 00:19:00
C-D05-00980,u0701,然后然后 简洁版 ～,[ASR] 驱动管理器 😅,只保留本轮,2026-06-06T00:20:00
C-D05-00981,u0565,稍等 系统更新！！！,那个  详细版 #todo,标记 needs_review,2026-06-06T00:21:00+08:00
C-D05-00982,u0543,呃 允许 emoji [draft],"就是 <p>禁用 emoji</p>
stdout: OK ENDEND",覆盖旧记忆,2026/06/06 00:22:00
C-D05-00983,u0445,"[ASR]　系统更新
cache=false……",help: 详细版 [draft],覆盖旧记忆,2026-06-06T00:23:00
C-D05-00984,u0224,[ASR]　保存手机号 #todo,[ASR] 驱动管理器 ENDEND,覆盖旧记忆,2026-06-06 00:24:00
C-D05-00985,u0165, 简洁版 ENDEND,呃 详细版 ～,只保留本轮,2026/06/06 00:25
C-D05-00986,u0373,麻烦 系统更新 @@@,我想想 别保存手机号 #todo,覆盖旧记忆,2026年06月06日 00:26
C-D05-00987,u0482,[ASR] 允许 emoji！！！,[ASR] 祥细版 [draft],标记 needs_review,2026/06/06 00:27:00
C-D05-00988,u0229,呃  保存手机号 😅,就是 禁用 emoji ENDEND,标记 needs_review,2026年06月06日 00:28
C-D05-00989,u0551,麻烦　保存手机号 <!-- cached -->,呃 禁用 emoji,标记 needs_review,2026年06月06日 00:29
C-D05-00990,u0762,然后然后 ```系统更新``` 😅,其实 驱动管理器 ENDEND,只保留本轮,2026-06-06T00:30:00
C-D05-00991,u0603,啊 允许 emoji,其实 驱动管理器……,删除或脱敏,2026-06-06T00:31:00
C-D05-00992,u0740,"啊  **允许 emoji**
stdout: OK #todo",麻烦  <p>别保存手机号</p> <!-- cached -->,删除或脱敏,2026-06-06T00:32:00+08:00
C-D05-00993,u0581,麻烦　保存手机号……,稍等 驱动管理器 #todo,标记 needs_review,2026-06-06 00:33:00
C-D05-00994,u0139,"[ASR]　<p>系统更新</p>
stdout: OK @@@",那个 别保存手机号（口述）,删除或脱敏,2026/06/06 00:34
C-D05-00995,u0009,呃　系统更新 [draft],其实 ```祥细版``` #todo,只保留本轮,2026/06/06 00:35:00
C-D05-00996,u0092,help: 保存手机号 😅,help: 驱动管理器 ENDEND,覆盖旧记忆,2026年06月06日 00:36
C-D05-00997,u0255,其实 允许 emoji ～,啊 禁用 emoji 😅,删除或脱敏,2026/06/06 00:37
C-D05-00998,u0150,麻烦 系统更新 <!-- cached -->, 驱动管理器 ～,标记 needs_review,2026/06/06 00:38:00
C-D05-00999,u0711,稍等 允许 emoji [draft],呃 驱动管理器 [draft],只保留本轮,2026-06-06 00:39:00
